condition_id,completion_token_count,row_count,fraction
final-baseline,0,0,0.0
final-baseline,1,0,0.0
final-baseline,2,0,0.0
final-baseline,3,0,0.0
final-baseline,4,1,0.0040650406504065045
final-baseline,5,1,0.0040650406504065045
final-baseline,6,1,0.0040650406504065045
final-baseline,7,2,0.008130081300813009
final-baseline,8,1,0.0040650406504065045
final-baseline,9,1,0.0040650406504065045
final-baseline,10,1,0.0040650406504065045
final-baseline,11,1,0.0040650406504065045
final-baseline,12,0,0.0
final-baseline,13,5,0.02032520325203252
final-baseline,14,1,0.0040650406504065045
final-baseline,15,2,0.008130081300813009
final-baseline,16,2,0.008130081300813009
final-baseline,17,4,0.016260162601626018
final-baseline,18,5,0.02032520325203252
final-baseline,19,0,0.0
final-baseline,20,0,0.0
final-baseline,21,2,0.008130081300813009
final-baseline,22,3,0.012195121951219513
final-baseline,23,0,0.0
final-baseline,24,2,0.008130081300813009
final-baseline,25,0,0.0
final-baseline,26,2,0.008130081300813009
final-baseline,27,0,0.0
final-baseline,28,0,0.0
final-baseline,29,0,0.0
final-baseline,30,1,0.0040650406504065045
final-baseline,31,2,0.008130081300813009
final-baseline,32,2,0.008130081300813009
final-baseline,33,1,0.0040650406504065045
final-baseline,34,1,0.0040650406504065045
final-baseline,35,0,0.0
final-baseline,36,0,0.0
final-baseline,37,1,0.0040650406504065045
final-baseline,38,1,0.0040650406504065045
final-baseline,39,2,0.008130081300813009
final-baseline,40,2,0.008130081300813009
final-baseline,41,1,0.0040650406504065045
final-baseline,42,0,0.0
final-baseline,43,0,0.0
final-baseline,44,1,0.0040650406504065045
final-baseline,45,0,0.0
final-baseline,46,0,0.0
final-baseline,47,1,0.0040650406504065045
final-baseline,48,0,0.0
final-baseline,49,0,0.0
final-baseline,50,1,0.0040650406504065045
final-baseline,51,0,0.0
final-baseline,52,0,0.0
final-baseline,53,0,0.0
final-baseline,54,1,0.0040650406504065045
final-baseline,55,1,0.0040650406504065045
final-baseline,56,1,0.0040650406504065045
final-baseline,57,0,0.0
final-baseline,58,0,0.0
final-baseline,59,0,0.0
final-baseline,60,1,0.0040650406504065045
final-baseline,61,0,0.0
final-baseline,62,0,0.0
final-baseline,63,1,0.0040650406504065045
final-baseline,64,0,0.0
final-baseline,65,1,0.0040650406504065045
final-baseline,66,0,0.0
final-baseline,67,0,0.0
final-baseline,68,0,0.0
final-baseline,69,2,0.008130081300813009
final-baseline,70,0,0.0
final-baseline,71,0,0.0
final-baseline,72,0,0.0
final-baseline,73,1,0.0040650406504065045
final-baseline,74,1,0.0040650406504065045
final-baseline,75,0,0.0
final-baseline,76,0,0.0
final-baseline,77,0,0.0
final-baseline,78,0,0.0
final-baseline,79,0,0.0
final-baseline,80,0,0.0
final-baseline,81,0,0.0
final-baseline,82,2,0.008130081300813009
final-baseline,83,1,0.0040650406504065045
final-baseline,84,0,0.0
final-baseline,85,0,0.0
final-baseline,86,4,0.016260162601626018
final-baseline,87,0,0.0
final-baseline,88,1,0.0040650406504065045
final-baseline,89,1,0.0040650406504065045
final-baseline,90,0,0.0
final-baseline,91,0,0.0
final-baseline,92,0,0.0
final-baseline,93,1,0.0040650406504065045
final-baseline,94,0,0.0
final-baseline,95,2,0.008130081300813009
final-baseline,96,0,0.0
final-baseline,97,0,0.0
final-baseline,98,0,0.0
final-baseline,99,0,0.0
final-baseline,100,1,0.0040650406504065045
final-baseline,101,0,0.0
final-baseline,102,0,0.0
final-baseline,103,1,0.0040650406504065045
final-baseline,104,0,0.0
final-baseline,105,1,0.0040650406504065045
final-baseline,106,0,0.0
final-baseline,107,0,0.0
final-baseline,108,0,0.0
final-baseline,109,0,0.0
final-baseline,110,1,0.0040650406504065045
final-baseline,111,0,0.0
final-baseline,112,0,0.0
final-baseline,113,0,0.0
final-baseline,114,0,0.0
final-baseline,115,0,0.0
final-baseline,116,0,0.0
final-baseline,117,1,0.0040650406504065045
final-baseline,118,2,0.008130081300813009
final-baseline,119,2,0.008130081300813009
final-baseline,120,0,0.0
final-baseline,121,1,0.0040650406504065045
final-baseline,122,0,0.0
final-baseline,123,1,0.0040650406504065045
final-baseline,124,1,0.0040650406504065045
final-baseline,125,0,0.0
final-baseline,126,0,0.0
final-baseline,127,0,0.0
final-baseline,128,0,0.0
final-baseline,129,1,0.0040650406504065045
final-baseline,130,0,0.0
final-baseline,131,0,0.0
final-baseline,132,0,0.0
final-baseline,133,2,0.008130081300813009
final-baseline,134,0,0.0
final-baseline,135,0,0.0
final-baseline,136,2,0.008130081300813009
final-baseline,137,0,0.0
final-baseline,138,0,0.0
final-baseline,139,0,0.0
final-baseline,140,1,0.0040650406504065045
final-baseline,141,0,0.0
final-baseline,142,0,0.0
final-baseline,143,1,0.0040650406504065045
final-baseline,144,1,0.0040650406504065045
final-baseline,145,0,0.0
final-baseline,146,0,0.0
final-baseline,147,2,0.008130081300813009
final-baseline,148,0,0.0
final-baseline,149,0,0.0
final-baseline,150,1,0.0040650406504065045
final-baseline,151,1,0.0040650406504065045
final-baseline,152,1,0.0040650406504065045
final-baseline,153,0,0.0
final-baseline,154,0,0.0
final-baseline,155,1,0.0040650406504065045
final-baseline,156,2,0.008130081300813009
final-baseline,157,0,0.0
final-baseline,158,0,0.0
final-baseline,159,0,0.0
final-baseline,160,1,0.0040650406504065045
final-baseline,161,0,0.0
final-baseline,162,0,0.0
final-baseline,163,1,0.0040650406504065045
final-baseline,164,0,0.0
final-baseline,165,0,0.0
final-baseline,166,0,0.0
final-baseline,167,3,0.012195121951219513
final-baseline,168,0,0.0
final-baseline,169,0,0.0
final-baseline,170,1,0.0040650406504065045
final-baseline,171,0,0.0
final-baseline,172,0,0.0
final-baseline,173,0,0.0
final-baseline,174,0,0.0
final-baseline,175,0,0.0
final-baseline,176,3,0.012195121951219513
final-baseline,177,0,0.0
final-baseline,178,2,0.008130081300813009
final-baseline,179,1,0.0040650406504065045
final-baseline,180,2,0.008130081300813009
final-baseline,181,0,0.0
final-baseline,182,0,0.0
final-baseline,183,1,0.0040650406504065045
final-baseline,184,0,0.0
final-baseline,185,0,0.0
final-baseline,186,0,0.0
final-baseline,187,2,0.008130081300813009
final-baseline,188,1,0.0040650406504065045
final-baseline,189,0,0.0
final-baseline,190,2,0.008130081300813009
final-baseline,191,0,0.0
final-baseline,192,0,0.0
final-baseline,193,0,0.0
final-baseline,194,0,0.0
final-baseline,195,1,0.0040650406504065045
final-baseline,196,0,0.0
final-baseline,197,2,0.008130081300813009
final-baseline,198,0,0.0
final-baseline,199,0,0.0
final-baseline,200,0,0.0
final-baseline,201,1,0.0040650406504065045
final-baseline,202,1,0.0040650406504065045
final-baseline,203,3,0.012195121951219513
final-baseline,204,0,0.0
final-baseline,205,0,0.0
final-baseline,206,3,0.012195121951219513
final-baseline,207,0,0.0
final-baseline,208,0,0.0
final-baseline,209,0,0.0
final-baseline,210,1,0.0040650406504065045
final-baseline,211,3,0.012195121951219513
final-baseline,212,1,0.0040650406504065045
final-baseline,213,0,0.0
final-baseline,214,1,0.0040650406504065045
final-baseline,215,1,0.0040650406504065045
final-baseline,216,0,0.0
final-baseline,217,0,0.0
final-baseline,218,0,0.0
final-baseline,219,0,0.0
final-baseline,220,0,0.0
final-baseline,221,0,0.0
final-baseline,222,1,0.0040650406504065045
final-baseline,223,0,0.0
final-baseline,224,0,0.0
final-baseline,225,0,0.0
final-baseline,226,0,0.0
final-baseline,227,0,0.0
final-baseline,228,1,0.0040650406504065045
final-baseline,229,0,0.0
final-baseline,230,0,0.0
final-baseline,231,0,0.0
final-baseline,232,0,0.0
final-baseline,233,0,0.0
final-baseline,234,0,0.0
final-baseline,235,0,0.0
final-baseline,236,1,0.0040650406504065045
final-baseline,237,0,0.0
final-baseline,238,0,0.0
final-baseline,239,1,0.0040650406504065045
final-baseline,240,0,0.0
final-baseline,241,0,0.0
final-baseline,242,0,0.0
final-baseline,243,1,0.0040650406504065045
final-baseline,244,0,0.0
final-baseline,245,0,0.0
final-baseline,246,0,0.0
final-baseline,247,0,0.0
final-baseline,248,1,0.0040650406504065045
final-baseline,249,0,0.0
final-baseline,250,2,0.008130081300813009
final-baseline,251,1,0.0040650406504065045
final-baseline,252,0,0.0
final-baseline,253,0,0.0
final-baseline,254,0,0.0
final-baseline,255,1,0.0040650406504065045
final-baseline,256,94,0.3821138211382114
final-pooled-real,0,0,0.0
final-pooled-real,1,0,0.0
final-pooled-real,2,0,0.0
final-pooled-real,3,0,0.0
final-pooled-real,4,1,0.0040650406504065045
final-pooled-real,5,0,0.0
final-pooled-real,6,1,0.0040650406504065045
final-pooled-real,7,1,0.0040650406504065045
final-pooled-real,8,2,0.008130081300813009
final-pooled-real,9,0,0.0
final-pooled-real,10,0,0.0
final-pooled-real,11,0,0.0
final-pooled-real,12,0,0.0
final-pooled-real,13,44,0.17886178861788618
final-pooled-real,14,2,0.008130081300813009
final-pooled-real,15,1,0.0040650406504065045
final-pooled-real,16,1,0.0040650406504065045
final-pooled-real,17,1,0.0040650406504065045
final-pooled-real,18,0,0.0
final-pooled-real,19,2,0.008130081300813009
final-pooled-real,20,1,0.0040650406504065045
final-pooled-real,21,1,0.0040650406504065045
final-pooled-real,22,0,0.0
final-pooled-real,23,0,0.0
final-pooled-real,24,0,0.0
final-pooled-real,25,0,0.0
final-pooled-real,26,0,0.0
final-pooled-real,27,0,0.0
final-pooled-real,28,1,0.0040650406504065045
final-pooled-real,29,0,0.0
final-pooled-real,30,0,0.0
final-pooled-real,31,0,0.0
final-pooled-real,32,0,0.0
final-pooled-real,33,1,0.0040650406504065045
final-pooled-real,34,0,0.0
final-pooled-real,35,1,0.0040650406504065045
final-pooled-real,36,0,0.0
final-pooled-real,37,1,0.0040650406504065045
final-pooled-real,38,0,0.0
final-pooled-real,39,0,0.0
final-pooled-real,40,0,0.0
final-pooled-real,41,1,0.0040650406504065045
final-pooled-real,42,0,0.0
final-pooled-real,43,0,0.0
final-pooled-real,44,0,0.0
final-pooled-real,45,1,0.0040650406504065045
final-pooled-real,46,0,0.0
final-pooled-real,47,0,0.0
final-pooled-real,48,0,0.0
final-pooled-real,49,1,0.0040650406504065045
final-pooled-real,50,0,0.0
final-pooled-real,51,0,0.0
final-pooled-real,52,1,0.0040650406504065045
final-pooled-real,53,1,0.0040650406504065045
final-pooled-real,54,0,0.0
final-pooled-real,55,0,0.0
final-pooled-real,56,0,0.0
final-pooled-real,57,0,0.0
final-pooled-real,58,1,0.0040650406504065045
final-pooled-real,59,0,0.0
final-pooled-real,60,0,0.0
final-pooled-real,61,0,0.0
final-pooled-real,62,1,0.0040650406504065045
final-pooled-real,63,0,0.0
final-pooled-real,64,0,0.0
final-pooled-real,65,1,0.0040650406504065045
final-pooled-real,66,0,0.0
final-pooled-real,67,0,0.0
final-pooled-real,68,1,0.0040650406504065045
final-pooled-real,69,0,0.0
final-pooled-real,70,0,0.0
final-pooled-real,71,0,0.0
final-pooled-real,72,1,0.0040650406504065045
final-pooled-real,73,0,0.0
final-pooled-real,74,0,0.0
final-pooled-real,75,0,0.0
final-pooled-real,76,1,0.0040650406504065045
final-pooled-real,77,1,0.0040650406504065045
final-pooled-real,78,0,0.0
final-pooled-real,79,0,0.0
final-pooled-real,80,0,0.0
final-pooled-real,81,0,0.0
final-pooled-real,82,0,0.0
final-pooled-real,83,0,0.0
final-pooled-real,84,0,0.0
final-pooled-real,85,0,0.0
final-pooled-real,86,0,0.0
final-pooled-real,87,1,0.0040650406504065045
final-pooled-real,88,0,0.0
final-pooled-real,89,2,0.008130081300813009
final-pooled-real,90,0,0.0
final-pooled-real,91,0,0.0
final-pooled-real,92,1,0.0040650406504065045
final-pooled-real,93,0,0.0
final-pooled-real,94,0,0.0
final-pooled-real,95,0,0.0
final-pooled-real,96,0,0.0
final-pooled-real,97,0,0.0
final-pooled-real,98,1,0.0040650406504065045
final-pooled-real,99,0,0.0
final-pooled-real,100,0,0.0
final-pooled-real,101,1,0.0040650406504065045
final-pooled-real,102,0,0.0
final-pooled-real,103,2,0.008130081300813009
final-pooled-real,104,0,0.0
final-pooled-real,105,0,0.0
final-pooled-real,106,0,0.0
final-pooled-real,107,0,0.0
final-pooled-real,108,0,0.0
final-pooled-real,109,0,0.0
final-pooled-real,110,0,0.0
final-pooled-real,111,0,0.0
final-pooled-real,112,1,0.0040650406504065045
final-pooled-real,113,0,0.0
final-pooled-real,114,1,0.0040650406504065045
final-pooled-real,115,0,0.0
final-pooled-real,116,1,0.0040650406504065045
final-pooled-real,117,1,0.0040650406504065045
final-pooled-real,118,0,0.0
final-pooled-real,119,0,0.0
final-pooled-real,120,0,0.0
final-pooled-real,121,0,0.0
final-pooled-real,122,0,0.0
final-pooled-real,123,0,0.0
final-pooled-real,124,0,0.0
final-pooled-real,125,0,0.0
final-pooled-real,126,0,0.0
final-pooled-real,127,0,0.0
final-pooled-real,128,0,0.0
final-pooled-real,129,0,0.0
final-pooled-real,130,1,0.0040650406504065045
final-pooled-real,131,0,0.0
final-pooled-real,132,0,0.0
final-pooled-real,133,0,0.0
final-pooled-real,134,0,0.0
final-pooled-real,135,0,0.0
final-pooled-real,136,1,0.0040650406504065045
final-pooled-real,137,0,0.0
final-pooled-real,138,0,0.0
final-pooled-real,139,1,0.0040650406504065045
final-pooled-real,140,0,0.0
final-pooled-real,141,0,0.0
final-pooled-real,142,0,0.0
final-pooled-real,143,0,0.0
final-pooled-real,144,0,0.0
final-pooled-real,145,0,0.0
final-pooled-real,146,0,0.0
final-pooled-real,147,1,0.0040650406504065045
final-pooled-real,148,1,0.0040650406504065045
final-pooled-real,149,0,0.0
final-pooled-real,150,0,0.0
final-pooled-real,151,0,0.0
final-pooled-real,152,0,0.0
final-pooled-real,153,0,0.0
final-pooled-real,154,0,0.0
final-pooled-real,155,0,0.0
final-pooled-real,156,0,0.0
final-pooled-real,157,0,0.0
final-pooled-real,158,0,0.0
final-pooled-real,159,0,0.0
final-pooled-real,160,0,0.0
final-pooled-real,161,0,0.0
final-pooled-real,162,0,0.0
final-pooled-real,163,0,0.0
final-pooled-real,164,0,0.0
final-pooled-real,165,0,0.0
final-pooled-real,166,0,0.0
final-pooled-real,167,0,0.0
final-pooled-real,168,0,0.0
final-pooled-real,169,0,0.0
final-pooled-real,170,0,0.0
final-pooled-real,171,1,0.0040650406504065045
final-pooled-real,172,0,0.0
final-pooled-real,173,0,0.0
final-pooled-real,174,0,0.0
final-pooled-real,175,0,0.0
final-pooled-real,176,0,0.0
final-pooled-real,177,0,0.0
final-pooled-real,178,1,0.0040650406504065045
final-pooled-real,179,0,0.0
final-pooled-real,180,1,0.0040650406504065045
final-pooled-real,181,2,0.008130081300813009
final-pooled-real,182,0,0.0
final-pooled-real,183,0,0.0
final-pooled-real,184,1,0.0040650406504065045
final-pooled-real,185,1,0.0040650406504065045
final-pooled-real,186,0,0.0
final-pooled-real,187,0,0.0
final-pooled-real,188,0,0.0
final-pooled-real,189,0,0.0
final-pooled-real,190,1,0.0040650406504065045
final-pooled-real,191,0,0.0
final-pooled-real,192,0,0.0
final-pooled-real,193,0,0.0
final-pooled-real,194,0,0.0
final-pooled-real,195,0,0.0
final-pooled-real,196,0,0.0
final-pooled-real,197,1,0.0040650406504065045
final-pooled-real,198,1,0.0040650406504065045
final-pooled-real,199,0,0.0
final-pooled-real,200,0,0.0
final-pooled-real,201,0,0.0
final-pooled-real,202,1,0.0040650406504065045
final-pooled-real,203,0,0.0
final-pooled-real,204,0,0.0
final-pooled-real,205,1,0.0040650406504065045
final-pooled-real,206,0,0.0
final-pooled-real,207,1,0.0040650406504065045
final-pooled-real,208,0,0.0
final-pooled-real,209,0,0.0
final-pooled-real,210,1,0.0040650406504065045
final-pooled-real,211,0,0.0
final-pooled-real,212,1,0.0040650406504065045
final-pooled-real,213,0,0.0
final-pooled-real,214,0,0.0
final-pooled-real,215,0,0.0
final-pooled-real,216,0,0.0
final-pooled-real,217,1,0.0040650406504065045
final-pooled-real,218,0,0.0
final-pooled-real,219,0,0.0
final-pooled-real,220,0,0.0
final-pooled-real,221,0,0.0
final-pooled-real,222,0,0.0
final-pooled-real,223,0,0.0
final-pooled-real,224,0,0.0
final-pooled-real,225,0,0.0
final-pooled-real,226,0,0.0
final-pooled-real,227,1,0.0040650406504065045
final-pooled-real,228,1,0.0040650406504065045
final-pooled-real,229,0,0.0
final-pooled-real,230,0,0.0
final-pooled-real,231,0,0.0
final-pooled-real,232,0,0.0
final-pooled-real,233,0,0.0
final-pooled-real,234,0,0.0
final-pooled-real,235,0,0.0
final-pooled-real,236,0,0.0
final-pooled-real,237,0,0.0
final-pooled-real,238,0,0.0
final-pooled-real,239,0,0.0
final-pooled-real,240,1,0.0040650406504065045
final-pooled-real,241,0,0.0
final-pooled-real,242,0,0.0
final-pooled-real,243,0,0.0
final-pooled-real,244,0,0.0
final-pooled-real,245,0,0.0
final-pooled-real,246,0,0.0
final-pooled-real,247,0,0.0
final-pooled-real,248,2,0.008130081300813009
final-pooled-real,249,1,0.0040650406504065045
final-pooled-real,250,2,0.008130081300813009
final-pooled-real,251,0,0.0
final-pooled-real,252,0,0.0
final-pooled-real,253,0,0.0
final-pooled-real,254,2,0.008130081300813009
final-pooled-real,255,0,0.0
final-pooled-real,256,129,0.524390243902439
final-pooled-random42,0,0,0.0
final-pooled-random42,1,0,0.0
final-pooled-random42,2,0,0.0
final-pooled-random42,3,0,0.0
final-pooled-random42,4,1,0.0040650406504065045
final-pooled-random42,5,0,0.0
final-pooled-random42,6,1,0.0040650406504065045
final-pooled-random42,7,1,0.0040650406504065045
final-pooled-random42,8,1,0.0040650406504065045
final-pooled-random42,9,2,0.008130081300813009
final-pooled-random42,10,1,0.0040650406504065045
final-pooled-random42,11,1,0.0040650406504065045
final-pooled-random42,12,0,0.0
final-pooled-random42,13,5,0.02032520325203252
final-pooled-random42,14,2,0.008130081300813009
final-pooled-random42,15,2,0.008130081300813009
final-pooled-random42,16,3,0.012195121951219513
final-pooled-random42,17,3,0.012195121951219513
final-pooled-random42,18,1,0.0040650406504065045
final-pooled-random42,19,3,0.012195121951219513
final-pooled-random42,20,2,0.008130081300813009
final-pooled-random42,21,0,0.0
final-pooled-random42,22,1,0.0040650406504065045
final-pooled-random42,23,1,0.0040650406504065045
final-pooled-random42,24,2,0.008130081300813009
final-pooled-random42,25,1,0.0040650406504065045
final-pooled-random42,26,0,0.0
final-pooled-random42,27,0,0.0
final-pooled-random42,28,0,0.0
final-pooled-random42,29,1,0.0040650406504065045
final-pooled-random42,30,0,0.0
final-pooled-random42,31,1,0.0040650406504065045
final-pooled-random42,32,2,0.008130081300813009
final-pooled-random42,33,2,0.008130081300813009
final-pooled-random42,34,1,0.0040650406504065045
final-pooled-random42,35,1,0.0040650406504065045
final-pooled-random42,36,0,0.0
final-pooled-random42,37,1,0.0040650406504065045
final-pooled-random42,38,0,0.0
final-pooled-random42,39,1,0.0040650406504065045
final-pooled-random42,40,0,0.0
final-pooled-random42,41,0,0.0
final-pooled-random42,42,2,0.008130081300813009
final-pooled-random42,43,1,0.0040650406504065045
final-pooled-random42,44,0,0.0
final-pooled-random42,45,1,0.0040650406504065045
final-pooled-random42,46,0,0.0
final-pooled-random42,47,0,0.0
final-pooled-random42,48,0,0.0
final-pooled-random42,49,1,0.0040650406504065045
final-pooled-random42,50,0,0.0
final-pooled-random42,51,1,0.0040650406504065045
final-pooled-random42,52,0,0.0
final-pooled-random42,53,1,0.0040650406504065045
final-pooled-random42,54,0,0.0
final-pooled-random42,55,1,0.0040650406504065045
final-pooled-random42,56,1,0.0040650406504065045
final-pooled-random42,57,1,0.0040650406504065045
final-pooled-random42,58,0,0.0
final-pooled-random42,59,2,0.008130081300813009
final-pooled-random42,60,0,0.0
final-pooled-random42,61,0,0.0
final-pooled-random42,62,0,0.0
final-pooled-random42,63,2,0.008130081300813009
final-pooled-random42,64,1,0.0040650406504065045
final-pooled-random42,65,0,0.0
final-pooled-random42,66,0,0.0
final-pooled-random42,67,0,0.0
final-pooled-random42,68,0,0.0
final-pooled-random42,69,2,0.008130081300813009
final-pooled-random42,70,0,0.0
final-pooled-random42,71,1,0.0040650406504065045
final-pooled-random42,72,2,0.008130081300813009
final-pooled-random42,73,0,0.0
final-pooled-random42,74,0,0.0
final-pooled-random42,75,1,0.0040650406504065045
final-pooled-random42,76,1,0.0040650406504065045
final-pooled-random42,77,0,0.0
final-pooled-random42,78,1,0.0040650406504065045
final-pooled-random42,79,0,0.0
final-pooled-random42,80,0,0.0
final-pooled-random42,81,0,0.0
final-pooled-random42,82,0,0.0
final-pooled-random42,83,0,0.0
final-pooled-random42,84,0,0.0
final-pooled-random42,85,2,0.008130081300813009
final-pooled-random42,86,1,0.0040650406504065045
final-pooled-random42,87,0,0.0
final-pooled-random42,88,0,0.0
final-pooled-random42,89,1,0.0040650406504065045
final-pooled-random42,90,0,0.0
final-pooled-random42,91,0,0.0
final-pooled-random42,92,0,0.0
final-pooled-random42,93,0,0.0
final-pooled-random42,94,1,0.0040650406504065045
final-pooled-random42,95,0,0.0
final-pooled-random42,96,0,0.0
final-pooled-random42,97,2,0.008130081300813009
final-pooled-random42,98,0,0.0
final-pooled-random42,99,0,0.0
final-pooled-random42,100,1,0.0040650406504065045
final-pooled-random42,101,1,0.0040650406504065045
final-pooled-random42,102,3,0.012195121951219513
final-pooled-random42,103,0,0.0
final-pooled-random42,104,1,0.0040650406504065045
final-pooled-random42,105,1,0.0040650406504065045
final-pooled-random42,106,2,0.008130081300813009
final-pooled-random42,107,1,0.0040650406504065045
final-pooled-random42,108,1,0.0040650406504065045
final-pooled-random42,109,0,0.0
final-pooled-random42,110,1,0.0040650406504065045
final-pooled-random42,111,2,0.008130081300813009
final-pooled-random42,112,0,0.0
final-pooled-random42,113,2,0.008130081300813009
final-pooled-random42,114,2,0.008130081300813009
final-pooled-random42,115,0,0.0
final-pooled-random42,116,1,0.0040650406504065045
final-pooled-random42,117,0,0.0
final-pooled-random42,118,0,0.0
final-pooled-random42,119,0,0.0
final-pooled-random42,120,1,0.0040650406504065045
final-pooled-random42,121,1,0.0040650406504065045
final-pooled-random42,122,0,0.0
final-pooled-random42,123,0,0.0
final-pooled-random42,124,0,0.0
final-pooled-random42,125,0,0.0
final-pooled-random42,126,3,0.012195121951219513
final-pooled-random42,127,0,0.0
final-pooled-random42,128,1,0.0040650406504065045
final-pooled-random42,129,0,0.0
final-pooled-random42,130,2,0.008130081300813009
final-pooled-random42,131,0,0.0
final-pooled-random42,132,2,0.008130081300813009
final-pooled-random42,133,0,0.0
final-pooled-random42,134,2,0.008130081300813009
final-pooled-random42,135,1,0.0040650406504065045
final-pooled-random42,136,0,0.0
final-pooled-random42,137,0,0.0
final-pooled-random42,138,0,0.0
final-pooled-random42,139,0,0.0
final-pooled-random42,140,0,0.0
final-pooled-random42,141,0,0.0
final-pooled-random42,142,0,0.0
final-pooled-random42,143,0,0.0
final-pooled-random42,144,0,0.0
final-pooled-random42,145,2,0.008130081300813009
final-pooled-random42,146,0,0.0
final-pooled-random42,147,0,0.0
final-pooled-random42,148,2,0.008130081300813009
final-pooled-random42,149,1,0.0040650406504065045
final-pooled-random42,150,0,0.0
final-pooled-random42,151,0,0.0
final-pooled-random42,152,1,0.0040650406504065045
final-pooled-random42,153,0,0.0
final-pooled-random42,154,0,0.0
final-pooled-random42,155,0,0.0
final-pooled-random42,156,0,0.0
final-pooled-random42,157,1,0.0040650406504065045
final-pooled-random42,158,0,0.0
final-pooled-random42,159,0,0.0
final-pooled-random42,160,1,0.0040650406504065045
final-pooled-random42,161,1,0.0040650406504065045
final-pooled-random42,162,0,0.0
final-pooled-random42,163,1,0.0040650406504065045
final-pooled-random42,164,1,0.0040650406504065045
final-pooled-random42,165,1,0.0040650406504065045
final-pooled-random42,166,1,0.0040650406504065045
final-pooled-random42,167,3,0.012195121951219513
final-pooled-random42,168,0,0.0
final-pooled-random42,169,0,0.0
final-pooled-random42,170,1,0.0040650406504065045
final-pooled-random42,171,0,0.0
final-pooled-random42,172,0,0.0
final-pooled-random42,173,0,0.0
final-pooled-random42,174,0,0.0
final-pooled-random42,175,0,0.0
final-pooled-random42,176,0,0.0
final-pooled-random42,177,3,0.012195121951219513
final-pooled-random42,178,0,0.0
final-pooled-random42,179,0,0.0
final-pooled-random42,180,1,0.0040650406504065045
final-pooled-random42,181,0,0.0
final-pooled-random42,182,1,0.0040650406504065045
final-pooled-random42,183,0,0.0
final-pooled-random42,184,0,0.0
final-pooled-random42,185,1,0.0040650406504065045
final-pooled-random42,186,0,0.0
final-pooled-random42,187,0,0.0
final-pooled-random42,188,1,0.0040650406504065045
final-pooled-random42,189,0,0.0
final-pooled-random42,190,1,0.0040650406504065045
final-pooled-random42,191,1,0.0040650406504065045
final-pooled-random42,192,0,0.0
final-pooled-random42,193,1,0.0040650406504065045
final-pooled-random42,194,0,0.0
final-pooled-random42,195,0,0.0
final-pooled-random42,196,0,0.0
final-pooled-random42,197,0,0.0
final-pooled-random42,198,0,0.0
final-pooled-random42,199,2,0.008130081300813009
final-pooled-random42,200,0,0.0
final-pooled-random42,201,0,0.0
final-pooled-random42,202,0,0.0
final-pooled-random42,203,0,0.0
final-pooled-random42,204,0,0.0
final-pooled-random42,205,1,0.0040650406504065045
final-pooled-random42,206,1,0.0040650406504065045
final-pooled-random42,207,2,0.008130081300813009
final-pooled-random42,208,0,0.0
final-pooled-random42,209,0,0.0
final-pooled-random42,210,1,0.0040650406504065045
final-pooled-random42,211,0,0.0
final-pooled-random42,212,1,0.0040650406504065045
final-pooled-random42,213,0,0.0
final-pooled-random42,214,2,0.008130081300813009
final-pooled-random42,215,1,0.0040650406504065045
final-pooled-random42,216,1,0.0040650406504065045
final-pooled-random42,217,2,0.008130081300813009
final-pooled-random42,218,1,0.0040650406504065045
final-pooled-random42,219,0,0.0
final-pooled-random42,220,1,0.0040650406504065045
final-pooled-random42,221,1,0.0040650406504065045
final-pooled-random42,222,1,0.0040650406504065045
final-pooled-random42,223,2,0.008130081300813009
final-pooled-random42,224,1,0.0040650406504065045
final-pooled-random42,225,0,0.0
final-pooled-random42,226,1,0.0040650406504065045
final-pooled-random42,227,2,0.008130081300813009
final-pooled-random42,228,1,0.0040650406504065045
final-pooled-random42,229,2,0.008130081300813009
final-pooled-random42,230,0,0.0
final-pooled-random42,231,0,0.0
final-pooled-random42,232,0,0.0
final-pooled-random42,233,0,0.0
final-pooled-random42,234,1,0.0040650406504065045
final-pooled-random42,235,1,0.0040650406504065045
final-pooled-random42,236,2,0.008130081300813009
final-pooled-random42,237,0,0.0
final-pooled-random42,238,0,0.0
final-pooled-random42,239,1,0.0040650406504065045
final-pooled-random42,240,0,0.0
final-pooled-random42,241,0,0.0
final-pooled-random42,242,0,0.0
final-pooled-random42,243,0,0.0
final-pooled-random42,244,2,0.008130081300813009
final-pooled-random42,245,0,0.0
final-pooled-random42,246,1,0.0040650406504065045
final-pooled-random42,247,0,0.0
final-pooled-random42,248,0,0.0
final-pooled-random42,249,1,0.0040650406504065045
final-pooled-random42,250,0,0.0
final-pooled-random42,251,0,0.0
final-pooled-random42,252,0,0.0
final-pooled-random42,253,0,0.0
final-pooled-random42,254,0,0.0
final-pooled-random42,255,1,0.0040650406504065045
final-pooled-random42,256,76,0.3089430894308943
final-pooled-random43,0,0,0.0
final-pooled-random43,1,0,0.0
final-pooled-random43,2,0,0.0
final-pooled-random43,3,1,0.0040650406504065045
final-pooled-random43,4,1,0.0040650406504065045
final-pooled-random43,5,1,0.0040650406504065045
final-pooled-random43,6,1,0.0040650406504065045
final-pooled-random43,7,2,0.008130081300813009
final-pooled-random43,8,1,0.0040650406504065045
final-pooled-random43,9,0,0.0
final-pooled-random43,10,1,0.0040650406504065045
final-pooled-random43,11,1,0.0040650406504065045
final-pooled-random43,12,0,0.0
final-pooled-random43,13,2,0.008130081300813009
final-pooled-random43,14,2,0.008130081300813009
final-pooled-random43,15,5,0.02032520325203252
final-pooled-random43,16,1,0.0040650406504065045
final-pooled-random43,17,2,0.008130081300813009
final-pooled-random43,18,3,0.012195121951219513
final-pooled-random43,19,0,0.0
final-pooled-random43,20,2,0.008130081300813009
final-pooled-random43,21,0,0.0
final-pooled-random43,22,1,0.0040650406504065045
final-pooled-random43,23,1,0.0040650406504065045
final-pooled-random43,24,0,0.0
final-pooled-random43,25,0,0.0
final-pooled-random43,26,1,0.0040650406504065045
final-pooled-random43,27,0,0.0
final-pooled-random43,28,0,0.0
final-pooled-random43,29,0,0.0
final-pooled-random43,30,1,0.0040650406504065045
final-pooled-random43,31,5,0.02032520325203252
final-pooled-random43,32,2,0.008130081300813009
final-pooled-random43,33,1,0.0040650406504065045
final-pooled-random43,34,1,0.0040650406504065045
final-pooled-random43,35,1,0.0040650406504065045
final-pooled-random43,36,1,0.0040650406504065045
final-pooled-random43,37,0,0.0
final-pooled-random43,38,1,0.0040650406504065045
final-pooled-random43,39,1,0.0040650406504065045
final-pooled-random43,40,1,0.0040650406504065045
final-pooled-random43,41,2,0.008130081300813009
final-pooled-random43,42,0,0.0
final-pooled-random43,43,2,0.008130081300813009
final-pooled-random43,44,1,0.0040650406504065045
final-pooled-random43,45,0,0.0
final-pooled-random43,46,0,0.0
final-pooled-random43,47,0,0.0
final-pooled-random43,48,0,0.0
final-pooled-random43,49,3,0.012195121951219513
final-pooled-random43,50,0,0.0
final-pooled-random43,51,0,0.0
final-pooled-random43,52,0,0.0
final-pooled-random43,53,1,0.0040650406504065045
final-pooled-random43,54,0,0.0
final-pooled-random43,55,0,0.0
final-pooled-random43,56,1,0.0040650406504065045
final-pooled-random43,57,0,0.0
final-pooled-random43,58,0,0.0
final-pooled-random43,59,1,0.0040650406504065045
final-pooled-random43,60,0,0.0
final-pooled-random43,61,0,0.0
final-pooled-random43,62,0,0.0
final-pooled-random43,63,1,0.0040650406504065045
final-pooled-random43,64,0,0.0
final-pooled-random43,65,3,0.012195121951219513
final-pooled-random43,66,1,0.0040650406504065045
final-pooled-random43,67,1,0.0040650406504065045
final-pooled-random43,68,1,0.0040650406504065045
final-pooled-random43,69,1,0.0040650406504065045
final-pooled-random43,70,0,0.0
final-pooled-random43,71,0,0.0
final-pooled-random43,72,0,0.0
final-pooled-random43,73,1,0.0040650406504065045
final-pooled-random43,74,0,0.0
final-pooled-random43,75,1,0.0040650406504065045
final-pooled-random43,76,0,0.0
final-pooled-random43,77,0,0.0
final-pooled-random43,78,0,0.0
final-pooled-random43,79,1,0.0040650406504065045
final-pooled-random43,80,0,0.0
final-pooled-random43,81,0,0.0
final-pooled-random43,82,0,0.0
final-pooled-random43,83,0,0.0
final-pooled-random43,84,1,0.0040650406504065045
final-pooled-random43,85,1,0.0040650406504065045
final-pooled-random43,86,0,0.0
final-pooled-random43,87,0,0.0
final-pooled-random43,88,1,0.0040650406504065045
final-pooled-random43,89,3,0.012195121951219513
final-pooled-random43,90,0,0.0
final-pooled-random43,91,1,0.0040650406504065045
final-pooled-random43,92,1,0.0040650406504065045
final-pooled-random43,93,0,0.0
final-pooled-random43,94,1,0.0040650406504065045
final-pooled-random43,95,1,0.0040650406504065045
final-pooled-random43,96,0,0.0
final-pooled-random43,97,0,0.0
final-pooled-random43,98,0,0.0
final-pooled-random43,99,0,0.0
final-pooled-random43,100,0,0.0
final-pooled-random43,101,1,0.0040650406504065045
final-pooled-random43,102,0,0.0
final-pooled-random43,103,0,0.0
final-pooled-random43,104,0,0.0
final-pooled-random43,105,0,0.0
final-pooled-random43,106,0,0.0
final-pooled-random43,107,0,0.0
final-pooled-random43,108,0,0.0
final-pooled-random43,109,0,0.0
final-pooled-random43,110,0,0.0
final-pooled-random43,111,2,0.008130081300813009
final-pooled-random43,112,0,0.0
final-pooled-random43,113,1,0.0040650406504065045
final-pooled-random43,114,1,0.0040650406504065045
final-pooled-random43,115,0,0.0
final-pooled-random43,116,0,0.0
final-pooled-random43,117,0,0.0
final-pooled-random43,118,0,0.0
final-pooled-random43,119,0,0.0
final-pooled-random43,120,0,0.0
final-pooled-random43,121,0,0.0
final-pooled-random43,122,0,0.0
final-pooled-random43,123,0,0.0
final-pooled-random43,124,0,0.0
final-pooled-random43,125,0,0.0
final-pooled-random43,126,0,0.0
final-pooled-random43,127,0,0.0
final-pooled-random43,128,0,0.0
final-pooled-random43,129,0,0.0
final-pooled-random43,130,2,0.008130081300813009
final-pooled-random43,131,0,0.0
final-pooled-random43,132,0,0.0
final-pooled-random43,133,1,0.0040650406504065045
final-pooled-random43,134,0,0.0
final-pooled-random43,135,2,0.008130081300813009
final-pooled-random43,136,0,0.0
final-pooled-random43,137,1,0.0040650406504065045
final-pooled-random43,138,0,0.0
final-pooled-random43,139,0,0.0
final-pooled-random43,140,0,0.0
final-pooled-random43,141,0,0.0
final-pooled-random43,142,0,0.0
final-pooled-random43,143,0,0.0
final-pooled-random43,144,0,0.0
final-pooled-random43,145,2,0.008130081300813009
final-pooled-random43,146,1,0.0040650406504065045
final-pooled-random43,147,0,0.0
final-pooled-random43,148,0,0.0
final-pooled-random43,149,1,0.0040650406504065045
final-pooled-random43,150,0,0.0
final-pooled-random43,151,1,0.0040650406504065045
final-pooled-random43,152,0,0.0
final-pooled-random43,153,0,0.0
final-pooled-random43,154,0,0.0
final-pooled-random43,155,1,0.0040650406504065045
final-pooled-random43,156,1,0.0040650406504065045
final-pooled-random43,157,0,0.0
final-pooled-random43,158,0,0.0
final-pooled-random43,159,1,0.0040650406504065045
final-pooled-random43,160,0,0.0
final-pooled-random43,161,0,0.0
final-pooled-random43,162,1,0.0040650406504065045
final-pooled-random43,163,0,0.0
final-pooled-random43,164,0,0.0
final-pooled-random43,165,0,0.0
final-pooled-random43,166,1,0.0040650406504065045
final-pooled-random43,167,0,0.0
final-pooled-random43,168,1,0.0040650406504065045
final-pooled-random43,169,0,0.0
final-pooled-random43,170,0,0.0
final-pooled-random43,171,0,0.0
final-pooled-random43,172,0,0.0
final-pooled-random43,173,1,0.0040650406504065045
final-pooled-random43,174,0,0.0
final-pooled-random43,175,0,0.0
final-pooled-random43,176,0,0.0
final-pooled-random43,177,0,0.0
final-pooled-random43,178,0,0.0
final-pooled-random43,179,2,0.008130081300813009
final-pooled-random43,180,0,0.0
final-pooled-random43,181,0,0.0
final-pooled-random43,182,2,0.008130081300813009
final-pooled-random43,183,2,0.008130081300813009
final-pooled-random43,184,0,0.0
final-pooled-random43,185,2,0.008130081300813009
final-pooled-random43,186,0,0.0
final-pooled-random43,187,0,0.0
final-pooled-random43,188,1,0.0040650406504065045
final-pooled-random43,189,0,0.0
final-pooled-random43,190,0,0.0
final-pooled-random43,191,0,0.0
final-pooled-random43,192,1,0.0040650406504065045
final-pooled-random43,193,1,0.0040650406504065045
final-pooled-random43,194,0,0.0
final-pooled-random43,195,0,0.0
final-pooled-random43,196,0,0.0
final-pooled-random43,197,1,0.0040650406504065045
final-pooled-random43,198,1,0.0040650406504065045
final-pooled-random43,199,1,0.0040650406504065045
final-pooled-random43,200,1,0.0040650406504065045
final-pooled-random43,201,0,0.0
final-pooled-random43,202,4,0.016260162601626018
final-pooled-random43,203,1,0.0040650406504065045
final-pooled-random43,204,0,0.0
final-pooled-random43,205,1,0.0040650406504065045
final-pooled-random43,206,0,0.0
final-pooled-random43,207,1,0.0040650406504065045
final-pooled-random43,208,0,0.0
final-pooled-random43,209,0,0.0
final-pooled-random43,210,1,0.0040650406504065045
final-pooled-random43,211,0,0.0
final-pooled-random43,212,1,0.0040650406504065045
final-pooled-random43,213,0,0.0
final-pooled-random43,214,1,0.0040650406504065045
final-pooled-random43,215,0,0.0
final-pooled-random43,216,0,0.0
final-pooled-random43,217,1,0.0040650406504065045
final-pooled-random43,218,1,0.0040650406504065045
final-pooled-random43,219,0,0.0
final-pooled-random43,220,1,0.0040650406504065045
final-pooled-random43,221,1,0.0040650406504065045
final-pooled-random43,222,1,0.0040650406504065045
final-pooled-random43,223,1,0.0040650406504065045
final-pooled-random43,224,1,0.0040650406504065045
final-pooled-random43,225,0,0.0
final-pooled-random43,226,1,0.0040650406504065045
final-pooled-random43,227,1,0.0040650406504065045
final-pooled-random43,228,3,0.012195121951219513
final-pooled-random43,229,0,0.0
final-pooled-random43,230,1,0.0040650406504065045
final-pooled-random43,231,0,0.0
final-pooled-random43,232,1,0.0040650406504065045
final-pooled-random43,233,0,0.0
final-pooled-random43,234,0,0.0
final-pooled-random43,235,0,0.0
final-pooled-random43,236,1,0.0040650406504065045
final-pooled-random43,237,2,0.008130081300813009
final-pooled-random43,238,0,0.0
final-pooled-random43,239,0,0.0
final-pooled-random43,240,0,0.0
final-pooled-random43,241,1,0.0040650406504065045
final-pooled-random43,242,1,0.0040650406504065045
final-pooled-random43,243,0,0.0
final-pooled-random43,244,1,0.0040650406504065045
final-pooled-random43,245,1,0.0040650406504065045
final-pooled-random43,246,1,0.0040650406504065045
final-pooled-random43,247,1,0.0040650406504065045
final-pooled-random43,248,1,0.0040650406504065045
final-pooled-random43,249,0,0.0
final-pooled-random43,250,1,0.0040650406504065045
final-pooled-random43,251,0,0.0
final-pooled-random43,252,2,0.008130081300813009
final-pooled-random43,253,0,0.0
final-pooled-random43,254,1,0.0040650406504065045
final-pooled-random43,255,0,0.0
final-pooled-random43,256,94,0.3821138211382114
final-cyber_intrusion-real,0,0,0.0
final-cyber_intrusion-real,1,0,0.0
final-cyber_intrusion-real,2,0,0.0
final-cyber_intrusion-real,3,0,0.0
final-cyber_intrusion-real,4,1,0.0040650406504065045
final-cyber_intrusion-real,5,0,0.0
final-cyber_intrusion-real,6,1,0.0040650406504065045
final-cyber_intrusion-real,7,1,0.0040650406504065045
final-cyber_intrusion-real,8,2,0.008130081300813009
final-cyber_intrusion-real,9,0,0.0
final-cyber_intrusion-real,10,0,0.0
final-cyber_intrusion-real,11,1,0.0040650406504065045
final-cyber_intrusion-real,12,0,0.0
final-cyber_intrusion-real,13,31,0.12601626016260162
final-cyber_intrusion-real,14,2,0.008130081300813009
final-cyber_intrusion-real,15,3,0.012195121951219513
final-cyber_intrusion-real,16,0,0.0
final-cyber_intrusion-real,17,1,0.0040650406504065045
final-cyber_intrusion-real,18,0,0.0
final-cyber_intrusion-real,19,0,0.0
final-cyber_intrusion-real,20,2,0.008130081300813009
final-cyber_intrusion-real,21,0,0.0
final-cyber_intrusion-real,22,0,0.0
final-cyber_intrusion-real,23,1,0.0040650406504065045
final-cyber_intrusion-real,24,0,0.0
final-cyber_intrusion-real,25,0,0.0
final-cyber_intrusion-real,26,0,0.0
final-cyber_intrusion-real,27,0,0.0
final-cyber_intrusion-real,28,0,0.0
final-cyber_intrusion-real,29,0,0.0
final-cyber_intrusion-real,30,0,0.0
final-cyber_intrusion-real,31,1,0.0040650406504065045
final-cyber_intrusion-real,32,0,0.0
final-cyber_intrusion-real,33,1,0.0040650406504065045
final-cyber_intrusion-real,34,0,0.0
final-cyber_intrusion-real,35,1,0.0040650406504065045
final-cyber_intrusion-real,36,0,0.0
final-cyber_intrusion-real,37,0,0.0
final-cyber_intrusion-real,38,0,0.0
final-cyber_intrusion-real,39,0,0.0
final-cyber_intrusion-real,40,0,0.0
final-cyber_intrusion-real,41,0,0.0
final-cyber_intrusion-real,42,1,0.0040650406504065045
final-cyber_intrusion-real,43,0,0.0
final-cyber_intrusion-real,44,1,0.0040650406504065045
final-cyber_intrusion-real,45,0,0.0
final-cyber_intrusion-real,46,0,0.0
final-cyber_intrusion-real,47,1,0.0040650406504065045
final-cyber_intrusion-real,48,0,0.0
final-cyber_intrusion-real,49,0,0.0
final-cyber_intrusion-real,50,0,0.0
final-cyber_intrusion-real,51,0,0.0
final-cyber_intrusion-real,52,0,0.0
final-cyber_intrusion-real,53,0,0.0
final-cyber_intrusion-real,54,2,0.008130081300813009
final-cyber_intrusion-real,55,1,0.0040650406504065045
final-cyber_intrusion-real,56,0,0.0
final-cyber_intrusion-real,57,0,0.0
final-cyber_intrusion-real,58,0,0.0
final-cyber_intrusion-real,59,0,0.0
final-cyber_intrusion-real,60,0,0.0
final-cyber_intrusion-real,61,0,0.0
final-cyber_intrusion-real,62,0,0.0
final-cyber_intrusion-real,63,0,0.0
final-cyber_intrusion-real,64,2,0.008130081300813009
final-cyber_intrusion-real,65,0,0.0
final-cyber_intrusion-real,66,0,0.0
final-cyber_intrusion-real,67,0,0.0
final-cyber_intrusion-real,68,0,0.0
final-cyber_intrusion-real,69,1,0.0040650406504065045
final-cyber_intrusion-real,70,1,0.0040650406504065045
final-cyber_intrusion-real,71,0,0.0
final-cyber_intrusion-real,72,0,0.0
final-cyber_intrusion-real,73,0,0.0
final-cyber_intrusion-real,74,0,0.0
final-cyber_intrusion-real,75,0,0.0
final-cyber_intrusion-real,76,1,0.0040650406504065045
final-cyber_intrusion-real,77,1,0.0040650406504065045
final-cyber_intrusion-real,78,0,0.0
final-cyber_intrusion-real,79,1,0.0040650406504065045
final-cyber_intrusion-real,80,0,0.0
final-cyber_intrusion-real,81,1,0.0040650406504065045
final-cyber_intrusion-real,82,0,0.0
final-cyber_intrusion-real,83,1,0.0040650406504065045
final-cyber_intrusion-real,84,1,0.0040650406504065045
final-cyber_intrusion-real,85,1,0.0040650406504065045
final-cyber_intrusion-real,86,0,0.0
final-cyber_intrusion-real,87,0,0.0
final-cyber_intrusion-real,88,1,0.0040650406504065045
final-cyber_intrusion-real,89,1,0.0040650406504065045
final-cyber_intrusion-real,90,0,0.0
final-cyber_intrusion-real,91,0,0.0
final-cyber_intrusion-real,92,1,0.0040650406504065045
final-cyber_intrusion-real,93,0,0.0
final-cyber_intrusion-real,94,0,0.0
final-cyber_intrusion-real,95,0,0.0
final-cyber_intrusion-real,96,0,0.0
final-cyber_intrusion-real,97,0,0.0
final-cyber_intrusion-real,98,0,0.0
final-cyber_intrusion-real,99,0,0.0
final-cyber_intrusion-real,100,0,0.0
final-cyber_intrusion-real,101,0,0.0
final-cyber_intrusion-real,102,0,0.0
final-cyber_intrusion-real,103,0,0.0
final-cyber_intrusion-real,104,0,0.0
final-cyber_intrusion-real,105,0,0.0
final-cyber_intrusion-real,106,0,0.0
final-cyber_intrusion-real,107,0,0.0
final-cyber_intrusion-real,108,0,0.0
final-cyber_intrusion-real,109,0,0.0
final-cyber_intrusion-real,110,0,0.0
final-cyber_intrusion-real,111,0,0.0
final-cyber_intrusion-real,112,0,0.0
final-cyber_intrusion-real,113,0,0.0
final-cyber_intrusion-real,114,0,0.0
final-cyber_intrusion-real,115,1,0.0040650406504065045
final-cyber_intrusion-real,116,1,0.0040650406504065045
final-cyber_intrusion-real,117,0,0.0
final-cyber_intrusion-real,118,0,0.0
final-cyber_intrusion-real,119,0,0.0
final-cyber_intrusion-real,120,1,0.0040650406504065045
final-cyber_intrusion-real,121,0,0.0
final-cyber_intrusion-real,122,0,0.0
final-cyber_intrusion-real,123,0,0.0
final-cyber_intrusion-real,124,0,0.0
final-cyber_intrusion-real,125,1,0.0040650406504065045
final-cyber_intrusion-real,126,0,0.0
final-cyber_intrusion-real,127,0,0.0
final-cyber_intrusion-real,128,0,0.0
final-cyber_intrusion-real,129,0,0.0
final-cyber_intrusion-real,130,0,0.0
final-cyber_intrusion-real,131,0,0.0
final-cyber_intrusion-real,132,0,0.0
final-cyber_intrusion-real,133,0,0.0
final-cyber_intrusion-real,134,0,0.0
final-cyber_intrusion-real,135,0,0.0
final-cyber_intrusion-real,136,0,0.0
final-cyber_intrusion-real,137,1,0.0040650406504065045
final-cyber_intrusion-real,138,1,0.0040650406504065045
final-cyber_intrusion-real,139,0,0.0
final-cyber_intrusion-real,140,0,0.0
final-cyber_intrusion-real,141,1,0.0040650406504065045
final-cyber_intrusion-real,142,0,0.0
final-cyber_intrusion-real,143,0,0.0
final-cyber_intrusion-real,144,0,0.0
final-cyber_intrusion-real,145,2,0.008130081300813009
final-cyber_intrusion-real,146,0,0.0
final-cyber_intrusion-real,147,0,0.0
final-cyber_intrusion-real,148,0,0.0
final-cyber_intrusion-real,149,0,0.0
final-cyber_intrusion-real,150,0,0.0
final-cyber_intrusion-real,151,0,0.0
final-cyber_intrusion-real,152,0,0.0
final-cyber_intrusion-real,153,1,0.0040650406504065045
final-cyber_intrusion-real,154,0,0.0
final-cyber_intrusion-real,155,0,0.0
final-cyber_intrusion-real,156,0,0.0
final-cyber_intrusion-real,157,0,0.0
final-cyber_intrusion-real,158,0,0.0
final-cyber_intrusion-real,159,0,0.0
final-cyber_intrusion-real,160,0,0.0
final-cyber_intrusion-real,161,0,0.0
final-cyber_intrusion-real,162,0,0.0
final-cyber_intrusion-real,163,0,0.0
final-cyber_intrusion-real,164,1,0.0040650406504065045
final-cyber_intrusion-real,165,0,0.0
final-cyber_intrusion-real,166,0,0.0
final-cyber_intrusion-real,167,0,0.0
final-cyber_intrusion-real,168,0,0.0
final-cyber_intrusion-real,169,0,0.0
final-cyber_intrusion-real,170,0,0.0
final-cyber_intrusion-real,171,0,0.0
final-cyber_intrusion-real,172,1,0.0040650406504065045
final-cyber_intrusion-real,173,0,0.0
final-cyber_intrusion-real,174,1,0.0040650406504065045
final-cyber_intrusion-real,175,0,0.0
final-cyber_intrusion-real,176,0,0.0
final-cyber_intrusion-real,177,0,0.0
final-cyber_intrusion-real,178,0,0.0
final-cyber_intrusion-real,179,0,0.0
final-cyber_intrusion-real,180,0,0.0
final-cyber_intrusion-real,181,0,0.0
final-cyber_intrusion-real,182,0,0.0
final-cyber_intrusion-real,183,0,0.0
final-cyber_intrusion-real,184,1,0.0040650406504065045
final-cyber_intrusion-real,185,0,0.0
final-cyber_intrusion-real,186,0,0.0
final-cyber_intrusion-real,187,0,0.0
final-cyber_intrusion-real,188,0,0.0
final-cyber_intrusion-real,189,0,0.0
final-cyber_intrusion-real,190,0,0.0
final-cyber_intrusion-real,191,0,0.0
final-cyber_intrusion-real,192,0,0.0
final-cyber_intrusion-real,193,0,0.0
final-cyber_intrusion-real,194,0,0.0
final-cyber_intrusion-real,195,0,0.0
final-cyber_intrusion-real,196,0,0.0
final-cyber_intrusion-real,197,0,0.0
final-cyber_intrusion-real,198,0,0.0
final-cyber_intrusion-real,199,0,0.0
final-cyber_intrusion-real,200,0,0.0
final-cyber_intrusion-real,201,0,0.0
final-cyber_intrusion-real,202,0,0.0
final-cyber_intrusion-real,203,1,0.0040650406504065045
final-cyber_intrusion-real,204,0,0.0
final-cyber_intrusion-real,205,1,0.0040650406504065045
final-cyber_intrusion-real,206,0,0.0
final-cyber_intrusion-real,207,0,0.0
final-cyber_intrusion-real,208,2,0.008130081300813009
final-cyber_intrusion-real,209,0,0.0
final-cyber_intrusion-real,210,1,0.0040650406504065045
final-cyber_intrusion-real,211,0,0.0
final-cyber_intrusion-real,212,0,0.0
final-cyber_intrusion-real,213,0,0.0
final-cyber_intrusion-real,214,0,0.0
final-cyber_intrusion-real,215,0,0.0
final-cyber_intrusion-real,216,2,0.008130081300813009
final-cyber_intrusion-real,217,0,0.0
final-cyber_intrusion-real,218,0,0.0
final-cyber_intrusion-real,219,0,0.0
final-cyber_intrusion-real,220,2,0.008130081300813009
final-cyber_intrusion-real,221,0,0.0
final-cyber_intrusion-real,222,0,0.0
final-cyber_intrusion-real,223,0,0.0
final-cyber_intrusion-real,224,0,0.0
final-cyber_intrusion-real,225,1,0.0040650406504065045
final-cyber_intrusion-real,226,0,0.0
final-cyber_intrusion-real,227,0,0.0
final-cyber_intrusion-real,228,1,0.0040650406504065045
final-cyber_intrusion-real,229,0,0.0
final-cyber_intrusion-real,230,0,0.0
final-cyber_intrusion-real,231,0,0.0
final-cyber_intrusion-real,232,0,0.0
final-cyber_intrusion-real,233,0,0.0
final-cyber_intrusion-real,234,0,0.0
final-cyber_intrusion-real,235,0,0.0
final-cyber_intrusion-real,236,0,0.0
final-cyber_intrusion-real,237,0,0.0
final-cyber_intrusion-real,238,0,0.0
final-cyber_intrusion-real,239,0,0.0
final-cyber_intrusion-real,240,2,0.008130081300813009
final-cyber_intrusion-real,241,1,0.0040650406504065045
final-cyber_intrusion-real,242,1,0.0040650406504065045
final-cyber_intrusion-real,243,0,0.0
final-cyber_intrusion-real,244,1,0.0040650406504065045
final-cyber_intrusion-real,245,0,0.0
final-cyber_intrusion-real,246,0,0.0
final-cyber_intrusion-real,247,1,0.0040650406504065045
final-cyber_intrusion-real,248,1,0.0040650406504065045
final-cyber_intrusion-real,249,0,0.0
final-cyber_intrusion-real,250,0,0.0
final-cyber_intrusion-real,251,0,0.0
final-cyber_intrusion-real,252,0,0.0
final-cyber_intrusion-real,253,0,0.0
final-cyber_intrusion-real,254,0,0.0
final-cyber_intrusion-real,255,0,0.0
final-cyber_intrusion-real,256,145,0.5894308943089431
final-cyber_intrusion-random42,0,0,0.0
final-cyber_intrusion-random42,1,0,0.0
final-cyber_intrusion-random42,2,0,0.0
final-cyber_intrusion-random42,3,0,0.0
final-cyber_intrusion-random42,4,1,0.0040650406504065045
final-cyber_intrusion-random42,5,0,0.0
final-cyber_intrusion-random42,6,1,0.0040650406504065045
final-cyber_intrusion-random42,7,1,0.0040650406504065045
final-cyber_intrusion-random42,8,1,0.0040650406504065045
final-cyber_intrusion-random42,9,2,0.008130081300813009
final-cyber_intrusion-random42,10,1,0.0040650406504065045
final-cyber_intrusion-random42,11,1,0.0040650406504065045
final-cyber_intrusion-random42,12,0,0.0
final-cyber_intrusion-random42,13,5,0.02032520325203252
final-cyber_intrusion-random42,14,2,0.008130081300813009
final-cyber_intrusion-random42,15,2,0.008130081300813009
final-cyber_intrusion-random42,16,3,0.012195121951219513
final-cyber_intrusion-random42,17,3,0.012195121951219513
final-cyber_intrusion-random42,18,2,0.008130081300813009
final-cyber_intrusion-random42,19,2,0.008130081300813009
final-cyber_intrusion-random42,20,2,0.008130081300813009
final-cyber_intrusion-random42,21,2,0.008130081300813009
final-cyber_intrusion-random42,22,1,0.0040650406504065045
final-cyber_intrusion-random42,23,1,0.0040650406504065045
final-cyber_intrusion-random42,24,0,0.0
final-cyber_intrusion-random42,25,1,0.0040650406504065045
final-cyber_intrusion-random42,26,0,0.0
final-cyber_intrusion-random42,27,0,0.0
final-cyber_intrusion-random42,28,0,0.0
final-cyber_intrusion-random42,29,2,0.008130081300813009
final-cyber_intrusion-random42,30,0,0.0
final-cyber_intrusion-random42,31,1,0.0040650406504065045
final-cyber_intrusion-random42,32,2,0.008130081300813009
final-cyber_intrusion-random42,33,1,0.0040650406504065045
final-cyber_intrusion-random42,34,2,0.008130081300813009
final-cyber_intrusion-random42,35,1,0.0040650406504065045
final-cyber_intrusion-random42,36,0,0.0
final-cyber_intrusion-random42,37,0,0.0
final-cyber_intrusion-random42,38,1,0.0040650406504065045
final-cyber_intrusion-random42,39,1,0.0040650406504065045
final-cyber_intrusion-random42,40,0,0.0
final-cyber_intrusion-random42,41,0,0.0
final-cyber_intrusion-random42,42,2,0.008130081300813009
final-cyber_intrusion-random42,43,1,0.0040650406504065045
final-cyber_intrusion-random42,44,0,0.0
final-cyber_intrusion-random42,45,1,0.0040650406504065045
final-cyber_intrusion-random42,46,0,0.0
final-cyber_intrusion-random42,47,0,0.0
final-cyber_intrusion-random42,48,0,0.0
final-cyber_intrusion-random42,49,2,0.008130081300813009
final-cyber_intrusion-random42,50,0,0.0
final-cyber_intrusion-random42,51,2,0.008130081300813009
final-cyber_intrusion-random42,52,0,0.0
final-cyber_intrusion-random42,53,0,0.0
final-cyber_intrusion-random42,54,0,0.0
final-cyber_intrusion-random42,55,1,0.0040650406504065045
final-cyber_intrusion-random42,56,0,0.0
final-cyber_intrusion-random42,57,1,0.0040650406504065045
final-cyber_intrusion-random42,58,1,0.0040650406504065045
final-cyber_intrusion-random42,59,2,0.008130081300813009
final-cyber_intrusion-random42,60,0,0.0
final-cyber_intrusion-random42,61,0,0.0
final-cyber_intrusion-random42,62,0,0.0
final-cyber_intrusion-random42,63,1,0.0040650406504065045
final-cyber_intrusion-random42,64,1,0.0040650406504065045
final-cyber_intrusion-random42,65,1,0.0040650406504065045
final-cyber_intrusion-random42,66,0,0.0
final-cyber_intrusion-random42,67,0,0.0
final-cyber_intrusion-random42,68,0,0.0
final-cyber_intrusion-random42,69,1,0.0040650406504065045
final-cyber_intrusion-random42,70,1,0.0040650406504065045
final-cyber_intrusion-random42,71,0,0.0
final-cyber_intrusion-random42,72,1,0.0040650406504065045
final-cyber_intrusion-random42,73,0,0.0
final-cyber_intrusion-random42,74,1,0.0040650406504065045
final-cyber_intrusion-random42,75,1,0.0040650406504065045
final-cyber_intrusion-random42,76,0,0.0
final-cyber_intrusion-random42,77,0,0.0
final-cyber_intrusion-random42,78,1,0.0040650406504065045
final-cyber_intrusion-random42,79,0,0.0
final-cyber_intrusion-random42,80,1,0.0040650406504065045
final-cyber_intrusion-random42,81,0,0.0
final-cyber_intrusion-random42,82,0,0.0
final-cyber_intrusion-random42,83,0,0.0
final-cyber_intrusion-random42,84,0,0.0
final-cyber_intrusion-random42,85,1,0.0040650406504065045
final-cyber_intrusion-random42,86,1,0.0040650406504065045
final-cyber_intrusion-random42,87,0,0.0
final-cyber_intrusion-random42,88,1,0.0040650406504065045
final-cyber_intrusion-random42,89,2,0.008130081300813009
final-cyber_intrusion-random42,90,0,0.0
final-cyber_intrusion-random42,91,0,0.0
final-cyber_intrusion-random42,92,0,0.0
final-cyber_intrusion-random42,93,0,0.0
final-cyber_intrusion-random42,94,2,0.008130081300813009
final-cyber_intrusion-random42,95,0,0.0
final-cyber_intrusion-random42,96,1,0.0040650406504065045
final-cyber_intrusion-random42,97,3,0.012195121951219513
final-cyber_intrusion-random42,98,0,0.0
final-cyber_intrusion-random42,99,0,0.0
final-cyber_intrusion-random42,100,0,0.0
final-cyber_intrusion-random42,101,1,0.0040650406504065045
final-cyber_intrusion-random42,102,0,0.0
final-cyber_intrusion-random42,103,1,0.0040650406504065045
final-cyber_intrusion-random42,104,0,0.0
final-cyber_intrusion-random42,105,1,0.0040650406504065045
final-cyber_intrusion-random42,106,2,0.008130081300813009
final-cyber_intrusion-random42,107,1,0.0040650406504065045
final-cyber_intrusion-random42,108,2,0.008130081300813009
final-cyber_intrusion-random42,109,0,0.0
final-cyber_intrusion-random42,110,0,0.0
final-cyber_intrusion-random42,111,0,0.0
final-cyber_intrusion-random42,112,1,0.0040650406504065045
final-cyber_intrusion-random42,113,1,0.0040650406504065045
final-cyber_intrusion-random42,114,0,0.0
final-cyber_intrusion-random42,115,0,0.0
final-cyber_intrusion-random42,116,3,0.012195121951219513
final-cyber_intrusion-random42,117,0,0.0
final-cyber_intrusion-random42,118,0,0.0
final-cyber_intrusion-random42,119,0,0.0
final-cyber_intrusion-random42,120,1,0.0040650406504065045
final-cyber_intrusion-random42,121,0,0.0
final-cyber_intrusion-random42,122,0,0.0
final-cyber_intrusion-random42,123,2,0.008130081300813009
final-cyber_intrusion-random42,124,1,0.0040650406504065045
final-cyber_intrusion-random42,125,0,0.0
final-cyber_intrusion-random42,126,2,0.008130081300813009
final-cyber_intrusion-random42,127,0,0.0
final-cyber_intrusion-random42,128,1,0.0040650406504065045
final-cyber_intrusion-random42,129,2,0.008130081300813009
final-cyber_intrusion-random42,130,0,0.0
final-cyber_intrusion-random42,131,0,0.0
final-cyber_intrusion-random42,132,0,0.0
final-cyber_intrusion-random42,133,0,0.0
final-cyber_intrusion-random42,134,2,0.008130081300813009
final-cyber_intrusion-random42,135,0,0.0
final-cyber_intrusion-random42,136,0,0.0
final-cyber_intrusion-random42,137,0,0.0
final-cyber_intrusion-random42,138,0,0.0
final-cyber_intrusion-random42,139,0,0.0
final-cyber_intrusion-random42,140,1,0.0040650406504065045
final-cyber_intrusion-random42,141,2,0.008130081300813009
final-cyber_intrusion-random42,142,0,0.0
final-cyber_intrusion-random42,143,0,0.0
final-cyber_intrusion-random42,144,0,0.0
final-cyber_intrusion-random42,145,1,0.0040650406504065045
final-cyber_intrusion-random42,146,0,0.0
final-cyber_intrusion-random42,147,0,0.0
final-cyber_intrusion-random42,148,1,0.0040650406504065045
final-cyber_intrusion-random42,149,2,0.008130081300813009
final-cyber_intrusion-random42,150,0,0.0
final-cyber_intrusion-random42,151,0,0.0
final-cyber_intrusion-random42,152,0,0.0
final-cyber_intrusion-random42,153,1,0.0040650406504065045
final-cyber_intrusion-random42,154,0,0.0
final-cyber_intrusion-random42,155,0,0.0
final-cyber_intrusion-random42,156,1,0.0040650406504065045
final-cyber_intrusion-random42,157,1,0.0040650406504065045
final-cyber_intrusion-random42,158,0,0.0
final-cyber_intrusion-random42,159,0,0.0
final-cyber_intrusion-random42,160,0,0.0
final-cyber_intrusion-random42,161,0,0.0
final-cyber_intrusion-random42,162,1,0.0040650406504065045
final-cyber_intrusion-random42,163,0,0.0
final-cyber_intrusion-random42,164,0,0.0
final-cyber_intrusion-random42,165,1,0.0040650406504065045
final-cyber_intrusion-random42,166,0,0.0
final-cyber_intrusion-random42,167,2,0.008130081300813009
final-cyber_intrusion-random42,168,0,0.0
final-cyber_intrusion-random42,169,1,0.0040650406504065045
final-cyber_intrusion-random42,170,1,0.0040650406504065045
final-cyber_intrusion-random42,171,0,0.0
final-cyber_intrusion-random42,172,3,0.012195121951219513
final-cyber_intrusion-random42,173,0,0.0
final-cyber_intrusion-random42,174,0,0.0
final-cyber_intrusion-random42,175,0,0.0
final-cyber_intrusion-random42,176,0,0.0
final-cyber_intrusion-random42,177,0,0.0
final-cyber_intrusion-random42,178,1,0.0040650406504065045
final-cyber_intrusion-random42,179,0,0.0
final-cyber_intrusion-random42,180,2,0.008130081300813009
final-cyber_intrusion-random42,181,0,0.0
final-cyber_intrusion-random42,182,0,0.0
final-cyber_intrusion-random42,183,0,0.0
final-cyber_intrusion-random42,184,0,0.0
final-cyber_intrusion-random42,185,3,0.012195121951219513
final-cyber_intrusion-random42,186,1,0.0040650406504065045
final-cyber_intrusion-random42,187,0,0.0
final-cyber_intrusion-random42,188,0,0.0
final-cyber_intrusion-random42,189,0,0.0
final-cyber_intrusion-random42,190,1,0.0040650406504065045
final-cyber_intrusion-random42,191,0,0.0
final-cyber_intrusion-random42,192,2,0.008130081300813009
final-cyber_intrusion-random42,193,0,0.0
final-cyber_intrusion-random42,194,0,0.0
final-cyber_intrusion-random42,195,0,0.0
final-cyber_intrusion-random42,196,0,0.0
final-cyber_intrusion-random42,197,1,0.0040650406504065045
final-cyber_intrusion-random42,198,0,0.0
final-cyber_intrusion-random42,199,0,0.0
final-cyber_intrusion-random42,200,0,0.0
final-cyber_intrusion-random42,201,0,0.0
final-cyber_intrusion-random42,202,0,0.0
final-cyber_intrusion-random42,203,0,0.0
final-cyber_intrusion-random42,204,1,0.0040650406504065045
final-cyber_intrusion-random42,205,1,0.0040650406504065045
final-cyber_intrusion-random42,206,0,0.0
final-cyber_intrusion-random42,207,2,0.008130081300813009
final-cyber_intrusion-random42,208,2,0.008130081300813009
final-cyber_intrusion-random42,209,0,0.0
final-cyber_intrusion-random42,210,1,0.0040650406504065045
final-cyber_intrusion-random42,211,0,0.0
final-cyber_intrusion-random42,212,0,0.0
final-cyber_intrusion-random42,213,0,0.0
final-cyber_intrusion-random42,214,0,0.0
final-cyber_intrusion-random42,215,0,0.0
final-cyber_intrusion-random42,216,0,0.0
final-cyber_intrusion-random42,217,0,0.0
final-cyber_intrusion-random42,218,2,0.008130081300813009
final-cyber_intrusion-random42,219,0,0.0
final-cyber_intrusion-random42,220,2,0.008130081300813009
final-cyber_intrusion-random42,221,1,0.0040650406504065045
final-cyber_intrusion-random42,222,2,0.008130081300813009
final-cyber_intrusion-random42,223,1,0.0040650406504065045
final-cyber_intrusion-random42,224,2,0.008130081300813009
final-cyber_intrusion-random42,225,0,0.0
final-cyber_intrusion-random42,226,1,0.0040650406504065045
final-cyber_intrusion-random42,227,0,0.0
final-cyber_intrusion-random42,228,1,0.0040650406504065045
final-cyber_intrusion-random42,229,1,0.0040650406504065045
final-cyber_intrusion-random42,230,2,0.008130081300813009
final-cyber_intrusion-random42,231,0,0.0
final-cyber_intrusion-random42,232,0,0.0
final-cyber_intrusion-random42,233,0,0.0
final-cyber_intrusion-random42,234,1,0.0040650406504065045
final-cyber_intrusion-random42,235,0,0.0
final-cyber_intrusion-random42,236,0,0.0
final-cyber_intrusion-random42,237,0,0.0
final-cyber_intrusion-random42,238,2,0.008130081300813009
final-cyber_intrusion-random42,239,1,0.0040650406504065045
final-cyber_intrusion-random42,240,1,0.0040650406504065045
final-cyber_intrusion-random42,241,0,0.0
final-cyber_intrusion-random42,242,1,0.0040650406504065045
final-cyber_intrusion-random42,243,0,0.0
final-cyber_intrusion-random42,244,2,0.008130081300813009
final-cyber_intrusion-random42,245,1,0.0040650406504065045
final-cyber_intrusion-random42,246,1,0.0040650406504065045
final-cyber_intrusion-random42,247,1,0.0040650406504065045
final-cyber_intrusion-random42,248,2,0.008130081300813009
final-cyber_intrusion-random42,249,0,0.0
final-cyber_intrusion-random42,250,1,0.0040650406504065045
final-cyber_intrusion-random42,251,0,0.0
final-cyber_intrusion-random42,252,0,0.0
final-cyber_intrusion-random42,253,0,0.0
final-cyber_intrusion-random42,254,0,0.0
final-cyber_intrusion-random42,255,2,0.008130081300813009
final-cyber_intrusion-random42,256,75,0.3048780487804878
final-cyber_intrusion-random43,0,0,0.0
final-cyber_intrusion-random43,1,0,0.0
final-cyber_intrusion-random43,2,0,0.0
final-cyber_intrusion-random43,3,1,0.0040650406504065045
final-cyber_intrusion-random43,4,1,0.0040650406504065045
final-cyber_intrusion-random43,5,1,0.0040650406504065045
final-cyber_intrusion-random43,6,1,0.0040650406504065045
final-cyber_intrusion-random43,7,3,0.012195121951219513
final-cyber_intrusion-random43,8,1,0.0040650406504065045
final-cyber_intrusion-random43,9,0,0.0
final-cyber_intrusion-random43,10,0,0.0
final-cyber_intrusion-random43,11,1,0.0040650406504065045
final-cyber_intrusion-random43,12,1,0.0040650406504065045
final-cyber_intrusion-random43,13,2,0.008130081300813009
final-cyber_intrusion-random43,14,4,0.016260162601626018
final-cyber_intrusion-random43,15,5,0.02032520325203252
final-cyber_intrusion-random43,16,1,0.0040650406504065045
final-cyber_intrusion-random43,17,1,0.0040650406504065045
final-cyber_intrusion-random43,18,1,0.0040650406504065045
final-cyber_intrusion-random43,19,0,0.0
final-cyber_intrusion-random43,20,1,0.0040650406504065045
final-cyber_intrusion-random43,21,1,0.0040650406504065045
final-cyber_intrusion-random43,22,4,0.016260162601626018
final-cyber_intrusion-random43,23,1,0.0040650406504065045
final-cyber_intrusion-random43,24,0,0.0
final-cyber_intrusion-random43,25,0,0.0
final-cyber_intrusion-random43,26,1,0.0040650406504065045
final-cyber_intrusion-random43,27,0,0.0
final-cyber_intrusion-random43,28,0,0.0
final-cyber_intrusion-random43,29,0,0.0
final-cyber_intrusion-random43,30,1,0.0040650406504065045
final-cyber_intrusion-random43,31,5,0.02032520325203252
final-cyber_intrusion-random43,32,2,0.008130081300813009
final-cyber_intrusion-random43,33,2,0.008130081300813009
final-cyber_intrusion-random43,34,0,0.0
final-cyber_intrusion-random43,35,1,0.0040650406504065045
final-cyber_intrusion-random43,36,1,0.0040650406504065045
final-cyber_intrusion-random43,37,0,0.0
final-cyber_intrusion-random43,38,1,0.0040650406504065045
final-cyber_intrusion-random43,39,0,0.0
final-cyber_intrusion-random43,40,1,0.0040650406504065045
final-cyber_intrusion-random43,41,2,0.008130081300813009
final-cyber_intrusion-random43,42,1,0.0040650406504065045
final-cyber_intrusion-random43,43,1,0.0040650406504065045
final-cyber_intrusion-random43,44,1,0.0040650406504065045
final-cyber_intrusion-random43,45,0,0.0
final-cyber_intrusion-random43,46,0,0.0
final-cyber_intrusion-random43,47,0,0.0
final-cyber_intrusion-random43,48,0,0.0
final-cyber_intrusion-random43,49,4,0.016260162601626018
final-cyber_intrusion-random43,50,0,0.0
final-cyber_intrusion-random43,51,0,0.0
final-cyber_intrusion-random43,52,0,0.0
final-cyber_intrusion-random43,53,1,0.0040650406504065045
final-cyber_intrusion-random43,54,0,0.0
final-cyber_intrusion-random43,55,0,0.0
final-cyber_intrusion-random43,56,0,0.0
final-cyber_intrusion-random43,57,0,0.0
final-cyber_intrusion-random43,58,1,0.0040650406504065045
final-cyber_intrusion-random43,59,1,0.0040650406504065045
final-cyber_intrusion-random43,60,0,0.0
final-cyber_intrusion-random43,61,0,0.0
final-cyber_intrusion-random43,62,0,0.0
final-cyber_intrusion-random43,63,1,0.0040650406504065045
final-cyber_intrusion-random43,64,0,0.0
final-cyber_intrusion-random43,65,2,0.008130081300813009
final-cyber_intrusion-random43,66,0,0.0
final-cyber_intrusion-random43,67,1,0.0040650406504065045
final-cyber_intrusion-random43,68,0,0.0
final-cyber_intrusion-random43,69,1,0.0040650406504065045
final-cyber_intrusion-random43,70,0,0.0
final-cyber_intrusion-random43,71,0,0.0
final-cyber_intrusion-random43,72,0,0.0
final-cyber_intrusion-random43,73,2,0.008130081300813009
final-cyber_intrusion-random43,74,0,0.0
final-cyber_intrusion-random43,75,0,0.0
final-cyber_intrusion-random43,76,0,0.0
final-cyber_intrusion-random43,77,0,0.0
final-cyber_intrusion-random43,78,0,0.0
final-cyber_intrusion-random43,79,0,0.0
final-cyber_intrusion-random43,80,0,0.0
final-cyber_intrusion-random43,81,1,0.0040650406504065045
final-cyber_intrusion-random43,82,0,0.0
final-cyber_intrusion-random43,83,0,0.0
final-cyber_intrusion-random43,84,1,0.0040650406504065045
final-cyber_intrusion-random43,85,0,0.0
final-cyber_intrusion-random43,86,0,0.0
final-cyber_intrusion-random43,87,0,0.0
final-cyber_intrusion-random43,88,0,0.0
final-cyber_intrusion-random43,89,1,0.0040650406504065045
final-cyber_intrusion-random43,90,0,0.0
final-cyber_intrusion-random43,91,0,0.0
final-cyber_intrusion-random43,92,1,0.0040650406504065045
final-cyber_intrusion-random43,93,0,0.0
final-cyber_intrusion-random43,94,1,0.0040650406504065045
final-cyber_intrusion-random43,95,0,0.0
final-cyber_intrusion-random43,96,0,0.0
final-cyber_intrusion-random43,97,0,0.0
final-cyber_intrusion-random43,98,0,0.0
final-cyber_intrusion-random43,99,0,0.0
final-cyber_intrusion-random43,100,1,0.0040650406504065045
final-cyber_intrusion-random43,101,0,0.0
final-cyber_intrusion-random43,102,0,0.0
final-cyber_intrusion-random43,103,1,0.0040650406504065045
final-cyber_intrusion-random43,104,0,0.0
final-cyber_intrusion-random43,105,0,0.0
final-cyber_intrusion-random43,106,0,0.0
final-cyber_intrusion-random43,107,0,0.0
final-cyber_intrusion-random43,108,0,0.0
final-cyber_intrusion-random43,109,0,0.0
final-cyber_intrusion-random43,110,0,0.0
final-cyber_intrusion-random43,111,2,0.008130081300813009
final-cyber_intrusion-random43,112,0,0.0
final-cyber_intrusion-random43,113,1,0.0040650406504065045
final-cyber_intrusion-random43,114,1,0.0040650406504065045
final-cyber_intrusion-random43,115,0,0.0
final-cyber_intrusion-random43,116,1,0.0040650406504065045
final-cyber_intrusion-random43,117,0,0.0
final-cyber_intrusion-random43,118,0,0.0
final-cyber_intrusion-random43,119,0,0.0
final-cyber_intrusion-random43,120,0,0.0
final-cyber_intrusion-random43,121,0,0.0
final-cyber_intrusion-random43,122,0,0.0
final-cyber_intrusion-random43,123,0,0.0
final-cyber_intrusion-random43,124,2,0.008130081300813009
final-cyber_intrusion-random43,125,1,0.0040650406504065045
final-cyber_intrusion-random43,126,0,0.0
final-cyber_intrusion-random43,127,0,0.0
final-cyber_intrusion-random43,128,0,0.0
final-cyber_intrusion-random43,129,0,0.0
final-cyber_intrusion-random43,130,1,0.0040650406504065045
final-cyber_intrusion-random43,131,0,0.0
final-cyber_intrusion-random43,132,0,0.0
final-cyber_intrusion-random43,133,1,0.0040650406504065045
final-cyber_intrusion-random43,134,0,0.0
final-cyber_intrusion-random43,135,2,0.008130081300813009
final-cyber_intrusion-random43,136,0,0.0
final-cyber_intrusion-random43,137,0,0.0
final-cyber_intrusion-random43,138,0,0.0
final-cyber_intrusion-random43,139,0,0.0
final-cyber_intrusion-random43,140,0,0.0
final-cyber_intrusion-random43,141,0,0.0
final-cyber_intrusion-random43,142,0,0.0
final-cyber_intrusion-random43,143,1,0.0040650406504065045
final-cyber_intrusion-random43,144,0,0.0
final-cyber_intrusion-random43,145,1,0.0040650406504065045
final-cyber_intrusion-random43,146,0,0.0
final-cyber_intrusion-random43,147,1,0.0040650406504065045
final-cyber_intrusion-random43,148,0,0.0
final-cyber_intrusion-random43,149,3,0.012195121951219513
final-cyber_intrusion-random43,150,0,0.0
final-cyber_intrusion-random43,151,3,0.012195121951219513
final-cyber_intrusion-random43,152,0,0.0
final-cyber_intrusion-random43,153,2,0.008130081300813009
final-cyber_intrusion-random43,154,1,0.0040650406504065045
final-cyber_intrusion-random43,155,1,0.0040650406504065045
final-cyber_intrusion-random43,156,0,0.0
final-cyber_intrusion-random43,157,0,0.0
final-cyber_intrusion-random43,158,0,0.0
final-cyber_intrusion-random43,159,1,0.0040650406504065045
final-cyber_intrusion-random43,160,1,0.0040650406504065045
final-cyber_intrusion-random43,161,0,0.0
final-cyber_intrusion-random43,162,2,0.008130081300813009
final-cyber_intrusion-random43,163,0,0.0
final-cyber_intrusion-random43,164,0,0.0
final-cyber_intrusion-random43,165,1,0.0040650406504065045
final-cyber_intrusion-random43,166,2,0.008130081300813009
final-cyber_intrusion-random43,167,0,0.0
final-cyber_intrusion-random43,168,0,0.0
final-cyber_intrusion-random43,169,0,0.0
final-cyber_intrusion-random43,170,0,0.0
final-cyber_intrusion-random43,171,1,0.0040650406504065045
final-cyber_intrusion-random43,172,0,0.0
final-cyber_intrusion-random43,173,0,0.0
final-cyber_intrusion-random43,174,2,0.008130081300813009
final-cyber_intrusion-random43,175,0,0.0
final-cyber_intrusion-random43,176,0,0.0
final-cyber_intrusion-random43,177,1,0.0040650406504065045
final-cyber_intrusion-random43,178,1,0.0040650406504065045
final-cyber_intrusion-random43,179,0,0.0
final-cyber_intrusion-random43,180,0,0.0
final-cyber_intrusion-random43,181,0,0.0
final-cyber_intrusion-random43,182,1,0.0040650406504065045
final-cyber_intrusion-random43,183,1,0.0040650406504065045
final-cyber_intrusion-random43,184,0,0.0
final-cyber_intrusion-random43,185,0,0.0
final-cyber_intrusion-random43,186,0,0.0
final-cyber_intrusion-random43,187,0,0.0
final-cyber_intrusion-random43,188,0,0.0
final-cyber_intrusion-random43,189,0,0.0
final-cyber_intrusion-random43,190,0,0.0
final-cyber_intrusion-random43,191,0,0.0
final-cyber_intrusion-random43,192,1,0.0040650406504065045
final-cyber_intrusion-random43,193,1,0.0040650406504065045
final-cyber_intrusion-random43,194,0,0.0
final-cyber_intrusion-random43,195,2,0.008130081300813009
final-cyber_intrusion-random43,196,0,0.0
final-cyber_intrusion-random43,197,0,0.0
final-cyber_intrusion-random43,198,0,0.0
final-cyber_intrusion-random43,199,0,0.0
final-cyber_intrusion-random43,200,0,0.0
final-cyber_intrusion-random43,201,0,0.0
final-cyber_intrusion-random43,202,2,0.008130081300813009
final-cyber_intrusion-random43,203,1,0.0040650406504065045
final-cyber_intrusion-random43,204,2,0.008130081300813009
final-cyber_intrusion-random43,205,1,0.0040650406504065045
final-cyber_intrusion-random43,206,0,0.0
final-cyber_intrusion-random43,207,1,0.0040650406504065045
final-cyber_intrusion-random43,208,0,0.0
final-cyber_intrusion-random43,209,1,0.0040650406504065045
final-cyber_intrusion-random43,210,0,0.0
final-cyber_intrusion-random43,211,0,0.0
final-cyber_intrusion-random43,212,0,0.0
final-cyber_intrusion-random43,213,0,0.0
final-cyber_intrusion-random43,214,0,0.0
final-cyber_intrusion-random43,215,1,0.0040650406504065045
final-cyber_intrusion-random43,216,0,0.0
final-cyber_intrusion-random43,217,1,0.0040650406504065045
final-cyber_intrusion-random43,218,0,0.0
final-cyber_intrusion-random43,219,2,0.008130081300813009
final-cyber_intrusion-random43,220,1,0.0040650406504065045
final-cyber_intrusion-random43,221,0,0.0
final-cyber_intrusion-random43,222,0,0.0
final-cyber_intrusion-random43,223,0,0.0
final-cyber_intrusion-random43,224,3,0.012195121951219513
final-cyber_intrusion-random43,225,0,0.0
final-cyber_intrusion-random43,226,1,0.0040650406504065045
final-cyber_intrusion-random43,227,1,0.0040650406504065045
final-cyber_intrusion-random43,228,0,0.0
final-cyber_intrusion-random43,229,2,0.008130081300813009
final-cyber_intrusion-random43,230,0,0.0
final-cyber_intrusion-random43,231,0,0.0
final-cyber_intrusion-random43,232,0,0.0
final-cyber_intrusion-random43,233,0,0.0
final-cyber_intrusion-random43,234,1,0.0040650406504065045
final-cyber_intrusion-random43,235,1,0.0040650406504065045
final-cyber_intrusion-random43,236,0,0.0
final-cyber_intrusion-random43,237,0,0.0
final-cyber_intrusion-random43,238,0,0.0
final-cyber_intrusion-random43,239,1,0.0040650406504065045
final-cyber_intrusion-random43,240,2,0.008130081300813009
final-cyber_intrusion-random43,241,0,0.0
final-cyber_intrusion-random43,242,1,0.0040650406504065045
final-cyber_intrusion-random43,243,1,0.0040650406504065045
final-cyber_intrusion-random43,244,1,0.0040650406504065045
final-cyber_intrusion-random43,245,1,0.0040650406504065045
final-cyber_intrusion-random43,246,0,0.0
final-cyber_intrusion-random43,247,0,0.0
final-cyber_intrusion-random43,248,1,0.0040650406504065045
final-cyber_intrusion-random43,249,0,0.0
final-cyber_intrusion-random43,250,0,0.0
final-cyber_intrusion-random43,251,0,0.0
final-cyber_intrusion-random43,252,0,0.0
final-cyber_intrusion-random43,253,1,0.0040650406504065045
final-cyber_intrusion-random43,254,0,0.0
final-cyber_intrusion-random43,255,1,0.0040650406504065045
final-cyber_intrusion-random43,256,99,0.4024390243902439
final-dangerous_substances-real,0,0,0.0
final-dangerous_substances-real,1,0,0.0
final-dangerous_substances-real,2,0,0.0
final-dangerous_substances-real,3,0,0.0
final-dangerous_substances-real,4,1,0.0040650406504065045
final-dangerous_substances-real,5,0,0.0
final-dangerous_substances-real,6,1,0.0040650406504065045
final-dangerous_substances-real,7,1,0.0040650406504065045
final-dangerous_substances-real,8,2,0.008130081300813009
final-dangerous_substances-real,9,0,0.0
final-dangerous_substances-real,10,0,0.0
final-dangerous_substances-real,11,1,0.0040650406504065045
final-dangerous_substances-real,12,0,0.0
final-dangerous_substances-real,13,29,0.11788617886178862
final-dangerous_substances-real,14,4,0.016260162601626018
final-dangerous_substances-real,15,1,0.0040650406504065045
final-dangerous_substances-real,16,1,0.0040650406504065045
final-dangerous_substances-real,17,1,0.0040650406504065045
final-dangerous_substances-real,18,0,0.0
final-dangerous_substances-real,19,0,0.0
final-dangerous_substances-real,20,1,0.0040650406504065045
final-dangerous_substances-real,21,0,0.0
final-dangerous_substances-real,22,2,0.008130081300813009
final-dangerous_substances-real,23,1,0.0040650406504065045
final-dangerous_substances-real,24,0,0.0
final-dangerous_substances-real,25,0,0.0
final-dangerous_substances-real,26,0,0.0
final-dangerous_substances-real,27,0,0.0
final-dangerous_substances-real,28,0,0.0
final-dangerous_substances-real,29,0,0.0
final-dangerous_substances-real,30,0,0.0
final-dangerous_substances-real,31,0,0.0
final-dangerous_substances-real,32,1,0.0040650406504065045
final-dangerous_substances-real,33,0,0.0
final-dangerous_substances-real,34,2,0.008130081300813009
final-dangerous_substances-real,35,0,0.0
final-dangerous_substances-real,36,0,0.0
final-dangerous_substances-real,37,1,0.0040650406504065045
final-dangerous_substances-real,38,0,0.0
final-dangerous_substances-real,39,1,0.0040650406504065045
final-dangerous_substances-real,40,1,0.0040650406504065045
final-dangerous_substances-real,41,0,0.0
final-dangerous_substances-real,42,0,0.0
final-dangerous_substances-real,43,0,0.0
final-dangerous_substances-real,44,0,0.0
final-dangerous_substances-real,45,0,0.0
final-dangerous_substances-real,46,1,0.0040650406504065045
final-dangerous_substances-real,47,0,0.0
final-dangerous_substances-real,48,1,0.0040650406504065045
final-dangerous_substances-real,49,0,0.0
final-dangerous_substances-real,50,0,0.0
final-dangerous_substances-real,51,0,0.0
final-dangerous_substances-real,52,0,0.0
final-dangerous_substances-real,53,1,0.0040650406504065045
final-dangerous_substances-real,54,1,0.0040650406504065045
final-dangerous_substances-real,55,0,0.0
final-dangerous_substances-real,56,0,0.0
final-dangerous_substances-real,57,0,0.0
final-dangerous_substances-real,58,0,0.0
final-dangerous_substances-real,59,1,0.0040650406504065045
final-dangerous_substances-real,60,0,0.0
final-dangerous_substances-real,61,0,0.0
final-dangerous_substances-real,62,1,0.0040650406504065045
final-dangerous_substances-real,63,0,0.0
final-dangerous_substances-real,64,0,0.0
final-dangerous_substances-real,65,1,0.0040650406504065045
final-dangerous_substances-real,66,0,0.0
final-dangerous_substances-real,67,0,0.0
final-dangerous_substances-real,68,0,0.0
final-dangerous_substances-real,69,0,0.0
final-dangerous_substances-real,70,0,0.0
final-dangerous_substances-real,71,2,0.008130081300813009
final-dangerous_substances-real,72,1,0.0040650406504065045
final-dangerous_substances-real,73,0,0.0
final-dangerous_substances-real,74,0,0.0
final-dangerous_substances-real,75,1,0.0040650406504065045
final-dangerous_substances-real,76,1,0.0040650406504065045
final-dangerous_substances-real,77,0,0.0
final-dangerous_substances-real,78,0,0.0
final-dangerous_substances-real,79,1,0.0040650406504065045
final-dangerous_substances-real,80,0,0.0
final-dangerous_substances-real,81,0,0.0
final-dangerous_substances-real,82,0,0.0
final-dangerous_substances-real,83,0,0.0
final-dangerous_substances-real,84,0,0.0
final-dangerous_substances-real,85,0,0.0
final-dangerous_substances-real,86,1,0.0040650406504065045
final-dangerous_substances-real,87,1,0.0040650406504065045
final-dangerous_substances-real,88,0,0.0
final-dangerous_substances-real,89,0,0.0
final-dangerous_substances-real,90,0,0.0
final-dangerous_substances-real,91,0,0.0
final-dangerous_substances-real,92,0,0.0
final-dangerous_substances-real,93,0,0.0
final-dangerous_substances-real,94,0,0.0
final-dangerous_substances-real,95,3,0.012195121951219513
final-dangerous_substances-real,96,0,0.0
final-dangerous_substances-real,97,0,0.0
final-dangerous_substances-real,98,0,0.0
final-dangerous_substances-real,99,0,0.0
final-dangerous_substances-real,100,0,0.0
final-dangerous_substances-real,101,0,0.0
final-dangerous_substances-real,102,0,0.0
final-dangerous_substances-real,103,1,0.0040650406504065045
final-dangerous_substances-real,104,0,0.0
final-dangerous_substances-real,105,0,0.0
final-dangerous_substances-real,106,1,0.0040650406504065045
final-dangerous_substances-real,107,0,0.0
final-dangerous_substances-real,108,0,0.0
final-dangerous_substances-real,109,0,0.0
final-dangerous_substances-real,110,0,0.0
final-dangerous_substances-real,111,0,0.0
final-dangerous_substances-real,112,0,0.0
final-dangerous_substances-real,113,0,0.0
final-dangerous_substances-real,114,1,0.0040650406504065045
final-dangerous_substances-real,115,0,0.0
final-dangerous_substances-real,116,0,0.0
final-dangerous_substances-real,117,0,0.0
final-dangerous_substances-real,118,0,0.0
final-dangerous_substances-real,119,0,0.0
final-dangerous_substances-real,120,0,0.0
final-dangerous_substances-real,121,0,0.0
final-dangerous_substances-real,122,1,0.0040650406504065045
final-dangerous_substances-real,123,0,0.0
final-dangerous_substances-real,124,0,0.0
final-dangerous_substances-real,125,0,0.0
final-dangerous_substances-real,126,0,0.0
final-dangerous_substances-real,127,0,0.0
final-dangerous_substances-real,128,0,0.0
final-dangerous_substances-real,129,0,0.0
final-dangerous_substances-real,130,0,0.0
final-dangerous_substances-real,131,0,0.0
final-dangerous_substances-real,132,0,0.0
final-dangerous_substances-real,133,0,0.0
final-dangerous_substances-real,134,0,0.0
final-dangerous_substances-real,135,0,0.0
final-dangerous_substances-real,136,0,0.0
final-dangerous_substances-real,137,0,0.0
final-dangerous_substances-real,138,0,0.0
final-dangerous_substances-real,139,0,0.0
final-dangerous_substances-real,140,0,0.0
final-dangerous_substances-real,141,0,0.0
final-dangerous_substances-real,142,0,0.0
final-dangerous_substances-real,143,1,0.0040650406504065045
final-dangerous_substances-real,144,0,0.0
final-dangerous_substances-real,145,0,0.0
final-dangerous_substances-real,146,1,0.0040650406504065045
final-dangerous_substances-real,147,0,0.0
final-dangerous_substances-real,148,0,0.0
final-dangerous_substances-real,149,1,0.0040650406504065045
final-dangerous_substances-real,150,0,0.0
final-dangerous_substances-real,151,1,0.0040650406504065045
final-dangerous_substances-real,152,0,0.0
final-dangerous_substances-real,153,0,0.0
final-dangerous_substances-real,154,0,0.0
final-dangerous_substances-real,155,0,0.0
final-dangerous_substances-real,156,1,0.0040650406504065045
final-dangerous_substances-real,157,1,0.0040650406504065045
final-dangerous_substances-real,158,1,0.0040650406504065045
final-dangerous_substances-real,159,0,0.0
final-dangerous_substances-real,160,0,0.0
final-dangerous_substances-real,161,0,0.0
final-dangerous_substances-real,162,2,0.008130081300813009
final-dangerous_substances-real,163,0,0.0
final-dangerous_substances-real,164,0,0.0
final-dangerous_substances-real,165,0,0.0
final-dangerous_substances-real,166,0,0.0
final-dangerous_substances-real,167,1,0.0040650406504065045
final-dangerous_substances-real,168,0,0.0
final-dangerous_substances-real,169,0,0.0
final-dangerous_substances-real,170,0,0.0
final-dangerous_substances-real,171,0,0.0
final-dangerous_substances-real,172,0,0.0
final-dangerous_substances-real,173,0,0.0
final-dangerous_substances-real,174,0,0.0
final-dangerous_substances-real,175,0,0.0
final-dangerous_substances-real,176,0,0.0
final-dangerous_substances-real,177,0,0.0
final-dangerous_substances-real,178,0,0.0
final-dangerous_substances-real,179,0,0.0
final-dangerous_substances-real,180,0,0.0
final-dangerous_substances-real,181,0,0.0
final-dangerous_substances-real,182,1,0.0040650406504065045
final-dangerous_substances-real,183,1,0.0040650406504065045
final-dangerous_substances-real,184,0,0.0
final-dangerous_substances-real,185,0,0.0
final-dangerous_substances-real,186,0,0.0
final-dangerous_substances-real,187,0,0.0
final-dangerous_substances-real,188,0,0.0
final-dangerous_substances-real,189,1,0.0040650406504065045
final-dangerous_substances-real,190,0,0.0
final-dangerous_substances-real,191,0,0.0
final-dangerous_substances-real,192,0,0.0
final-dangerous_substances-real,193,0,0.0
final-dangerous_substances-real,194,0,0.0
final-dangerous_substances-real,195,0,0.0
final-dangerous_substances-real,196,0,0.0
final-dangerous_substances-real,197,1,0.0040650406504065045
final-dangerous_substances-real,198,0,0.0
final-dangerous_substances-real,199,1,0.0040650406504065045
final-dangerous_substances-real,200,1,0.0040650406504065045
final-dangerous_substances-real,201,0,0.0
final-dangerous_substances-real,202,0,0.0
final-dangerous_substances-real,203,0,0.0
final-dangerous_substances-real,204,0,0.0
final-dangerous_substances-real,205,0,0.0
final-dangerous_substances-real,206,1,0.0040650406504065045
final-dangerous_substances-real,207,1,0.0040650406504065045
final-dangerous_substances-real,208,1,0.0040650406504065045
final-dangerous_substances-real,209,0,0.0
final-dangerous_substances-real,210,0,0.0
final-dangerous_substances-real,211,2,0.008130081300813009
final-dangerous_substances-real,212,0,0.0
final-dangerous_substances-real,213,0,0.0
final-dangerous_substances-real,214,1,0.0040650406504065045
final-dangerous_substances-real,215,0,0.0
final-dangerous_substances-real,216,0,0.0
final-dangerous_substances-real,217,0,0.0
final-dangerous_substances-real,218,0,0.0
final-dangerous_substances-real,219,0,0.0
final-dangerous_substances-real,220,0,0.0
final-dangerous_substances-real,221,1,0.0040650406504065045
final-dangerous_substances-real,222,0,0.0
final-dangerous_substances-real,223,0,0.0
final-dangerous_substances-real,224,0,0.0
final-dangerous_substances-real,225,1,0.0040650406504065045
final-dangerous_substances-real,226,0,0.0
final-dangerous_substances-real,227,0,0.0
final-dangerous_substances-real,228,0,0.0
final-dangerous_substances-real,229,0,0.0
final-dangerous_substances-real,230,0,0.0
final-dangerous_substances-real,231,1,0.0040650406504065045
final-dangerous_substances-real,232,0,0.0
final-dangerous_substances-real,233,1,0.0040650406504065045
final-dangerous_substances-real,234,1,0.0040650406504065045
final-dangerous_substances-real,235,1,0.0040650406504065045
final-dangerous_substances-real,236,0,0.0
final-dangerous_substances-real,237,1,0.0040650406504065045
final-dangerous_substances-real,238,1,0.0040650406504065045
final-dangerous_substances-real,239,0,0.0
final-dangerous_substances-real,240,2,0.008130081300813009
final-dangerous_substances-real,241,1,0.0040650406504065045
final-dangerous_substances-real,242,0,0.0
final-dangerous_substances-real,243,0,0.0
final-dangerous_substances-real,244,0,0.0
final-dangerous_substances-real,245,0,0.0
final-dangerous_substances-real,246,0,0.0
final-dangerous_substances-real,247,0,0.0
final-dangerous_substances-real,248,1,0.0040650406504065045
final-dangerous_substances-real,249,0,0.0
final-dangerous_substances-real,250,0,0.0
final-dangerous_substances-real,251,0,0.0
final-dangerous_substances-real,252,1,0.0040650406504065045
final-dangerous_substances-real,253,1,0.0040650406504065045
final-dangerous_substances-real,254,0,0.0
final-dangerous_substances-real,255,1,0.0040650406504065045
final-dangerous_substances-real,256,135,0.5487804878048781
final-dangerous_substances-random42,0,0,0.0
final-dangerous_substances-random42,1,0,0.0
final-dangerous_substances-random42,2,0,0.0
final-dangerous_substances-random42,3,0,0.0
final-dangerous_substances-random42,4,1,0.0040650406504065045
final-dangerous_substances-random42,5,0,0.0
final-dangerous_substances-random42,6,1,0.0040650406504065045
final-dangerous_substances-random42,7,1,0.0040650406504065045
final-dangerous_substances-random42,8,1,0.0040650406504065045
final-dangerous_substances-random42,9,3,0.012195121951219513
final-dangerous_substances-random42,10,2,0.008130081300813009
final-dangerous_substances-random42,11,1,0.0040650406504065045
final-dangerous_substances-random42,12,0,0.0
final-dangerous_substances-random42,13,5,0.02032520325203252
final-dangerous_substances-random42,14,2,0.008130081300813009
final-dangerous_substances-random42,15,2,0.008130081300813009
final-dangerous_substances-random42,16,2,0.008130081300813009
final-dangerous_substances-random42,17,4,0.016260162601626018
final-dangerous_substances-random42,18,1,0.0040650406504065045
final-dangerous_substances-random42,19,1,0.0040650406504065045
final-dangerous_substances-random42,20,2,0.008130081300813009
final-dangerous_substances-random42,21,0,0.0
final-dangerous_substances-random42,22,2,0.008130081300813009
final-dangerous_substances-random42,23,0,0.0
final-dangerous_substances-random42,24,2,0.008130081300813009
final-dangerous_substances-random42,25,1,0.0040650406504065045
final-dangerous_substances-random42,26,0,0.0
final-dangerous_substances-random42,27,0,0.0
final-dangerous_substances-random42,28,0,0.0
final-dangerous_substances-random42,29,0,0.0
final-dangerous_substances-random42,30,1,0.0040650406504065045
final-dangerous_substances-random42,31,3,0.012195121951219513
final-dangerous_substances-random42,32,1,0.0040650406504065045
final-dangerous_substances-random42,33,0,0.0
final-dangerous_substances-random42,34,2,0.008130081300813009
final-dangerous_substances-random42,35,1,0.0040650406504065045
final-dangerous_substances-random42,36,0,0.0
final-dangerous_substances-random42,37,0,0.0
final-dangerous_substances-random42,38,2,0.008130081300813009
final-dangerous_substances-random42,39,1,0.0040650406504065045
final-dangerous_substances-random42,40,0,0.0
final-dangerous_substances-random42,41,0,0.0
final-dangerous_substances-random42,42,2,0.008130081300813009
final-dangerous_substances-random42,43,1,0.0040650406504065045
final-dangerous_substances-random42,44,1,0.0040650406504065045
final-dangerous_substances-random42,45,1,0.0040650406504065045
final-dangerous_substances-random42,46,1,0.0040650406504065045
final-dangerous_substances-random42,47,0,0.0
final-dangerous_substances-random42,48,0,0.0
final-dangerous_substances-random42,49,1,0.0040650406504065045
final-dangerous_substances-random42,50,0,0.0
final-dangerous_substances-random42,51,0,0.0
final-dangerous_substances-random42,52,1,0.0040650406504065045
final-dangerous_substances-random42,53,0,0.0
final-dangerous_substances-random42,54,0,0.0
final-dangerous_substances-random42,55,0,0.0
final-dangerous_substances-random42,56,2,0.008130081300813009
final-dangerous_substances-random42,57,1,0.0040650406504065045
final-dangerous_substances-random42,58,0,0.0
final-dangerous_substances-random42,59,2,0.008130081300813009
final-dangerous_substances-random42,60,1,0.0040650406504065045
final-dangerous_substances-random42,61,0,0.0
final-dangerous_substances-random42,62,0,0.0
final-dangerous_substances-random42,63,0,0.0
final-dangerous_substances-random42,64,1,0.0040650406504065045
final-dangerous_substances-random42,65,0,0.0
final-dangerous_substances-random42,66,1,0.0040650406504065045
final-dangerous_substances-random42,67,0,0.0
final-dangerous_substances-random42,68,1,0.0040650406504065045
final-dangerous_substances-random42,69,2,0.008130081300813009
final-dangerous_substances-random42,70,1,0.0040650406504065045
final-dangerous_substances-random42,71,0,0.0
final-dangerous_substances-random42,72,1,0.0040650406504065045
final-dangerous_substances-random42,73,0,0.0
final-dangerous_substances-random42,74,0,0.0
final-dangerous_substances-random42,75,1,0.0040650406504065045
final-dangerous_substances-random42,76,0,0.0
final-dangerous_substances-random42,77,0,0.0
final-dangerous_substances-random42,78,0,0.0
final-dangerous_substances-random42,79,1,0.0040650406504065045
final-dangerous_substances-random42,80,0,0.0
final-dangerous_substances-random42,81,0,0.0
final-dangerous_substances-random42,82,1,0.0040650406504065045
final-dangerous_substances-random42,83,0,0.0
final-dangerous_substances-random42,84,0,0.0
final-dangerous_substances-random42,85,1,0.0040650406504065045
final-dangerous_substances-random42,86,0,0.0
final-dangerous_substances-random42,87,1,0.0040650406504065045
final-dangerous_substances-random42,88,0,0.0
final-dangerous_substances-random42,89,0,0.0
final-dangerous_substances-random42,90,0,0.0
final-dangerous_substances-random42,91,0,0.0
final-dangerous_substances-random42,92,1,0.0040650406504065045
final-dangerous_substances-random42,93,0,0.0
final-dangerous_substances-random42,94,2,0.008130081300813009
final-dangerous_substances-random42,95,0,0.0
final-dangerous_substances-random42,96,0,0.0
final-dangerous_substances-random42,97,2,0.008130081300813009
final-dangerous_substances-random42,98,2,0.008130081300813009
final-dangerous_substances-random42,99,1,0.0040650406504065045
final-dangerous_substances-random42,100,1,0.0040650406504065045
final-dangerous_substances-random42,101,0,0.0
final-dangerous_substances-random42,102,0,0.0
final-dangerous_substances-random42,103,1,0.0040650406504065045
final-dangerous_substances-random42,104,0,0.0
final-dangerous_substances-random42,105,0,0.0
final-dangerous_substances-random42,106,1,0.0040650406504065045
final-dangerous_substances-random42,107,1,0.0040650406504065045
final-dangerous_substances-random42,108,0,0.0
final-dangerous_substances-random42,109,1,0.0040650406504065045
final-dangerous_substances-random42,110,0,0.0
final-dangerous_substances-random42,111,0,0.0
final-dangerous_substances-random42,112,0,0.0
final-dangerous_substances-random42,113,1,0.0040650406504065045
final-dangerous_substances-random42,114,1,0.0040650406504065045
final-dangerous_substances-random42,115,0,0.0
final-dangerous_substances-random42,116,1,0.0040650406504065045
final-dangerous_substances-random42,117,2,0.008130081300813009
final-dangerous_substances-random42,118,1,0.0040650406504065045
final-dangerous_substances-random42,119,1,0.0040650406504065045
final-dangerous_substances-random42,120,1,0.0040650406504065045
final-dangerous_substances-random42,121,1,0.0040650406504065045
final-dangerous_substances-random42,122,0,0.0
final-dangerous_substances-random42,123,1,0.0040650406504065045
final-dangerous_substances-random42,124,0,0.0
final-dangerous_substances-random42,125,0,0.0
final-dangerous_substances-random42,126,0,0.0
final-dangerous_substances-random42,127,0,0.0
final-dangerous_substances-random42,128,0,0.0
final-dangerous_substances-random42,129,0,0.0
final-dangerous_substances-random42,130,0,0.0
final-dangerous_substances-random42,131,1,0.0040650406504065045
final-dangerous_substances-random42,132,2,0.008130081300813009
final-dangerous_substances-random42,133,1,0.0040650406504065045
final-dangerous_substances-random42,134,0,0.0
final-dangerous_substances-random42,135,2,0.008130081300813009
final-dangerous_substances-random42,136,2,0.008130081300813009
final-dangerous_substances-random42,137,0,0.0
final-dangerous_substances-random42,138,0,0.0
final-dangerous_substances-random42,139,0,0.0
final-dangerous_substances-random42,140,1,0.0040650406504065045
final-dangerous_substances-random42,141,1,0.0040650406504065045
final-dangerous_substances-random42,142,1,0.0040650406504065045
final-dangerous_substances-random42,143,0,0.0
final-dangerous_substances-random42,144,1,0.0040650406504065045
final-dangerous_substances-random42,145,1,0.0040650406504065045
final-dangerous_substances-random42,146,1,0.0040650406504065045
final-dangerous_substances-random42,147,0,0.0
final-dangerous_substances-random42,148,2,0.008130081300813009
final-dangerous_substances-random42,149,0,0.0
final-dangerous_substances-random42,150,0,0.0
final-dangerous_substances-random42,151,0,0.0
final-dangerous_substances-random42,152,0,0.0
final-dangerous_substances-random42,153,1,0.0040650406504065045
final-dangerous_substances-random42,154,1,0.0040650406504065045
final-dangerous_substances-random42,155,1,0.0040650406504065045
final-dangerous_substances-random42,156,0,0.0
final-dangerous_substances-random42,157,0,0.0
final-dangerous_substances-random42,158,0,0.0
final-dangerous_substances-random42,159,0,0.0
final-dangerous_substances-random42,160,0,0.0
final-dangerous_substances-random42,161,0,0.0
final-dangerous_substances-random42,162,0,0.0
final-dangerous_substances-random42,163,0,0.0
final-dangerous_substances-random42,164,0,0.0
final-dangerous_substances-random42,165,0,0.0
final-dangerous_substances-random42,166,1,0.0040650406504065045
final-dangerous_substances-random42,167,2,0.008130081300813009
final-dangerous_substances-random42,168,0,0.0
final-dangerous_substances-random42,169,1,0.0040650406504065045
final-dangerous_substances-random42,170,1,0.0040650406504065045
final-dangerous_substances-random42,171,1,0.0040650406504065045
final-dangerous_substances-random42,172,0,0.0
final-dangerous_substances-random42,173,1,0.0040650406504065045
final-dangerous_substances-random42,174,0,0.0
final-dangerous_substances-random42,175,1,0.0040650406504065045
final-dangerous_substances-random42,176,0,0.0
final-dangerous_substances-random42,177,1,0.0040650406504065045
final-dangerous_substances-random42,178,0,0.0
final-dangerous_substances-random42,179,1,0.0040650406504065045
final-dangerous_substances-random42,180,1,0.0040650406504065045
final-dangerous_substances-random42,181,0,0.0
final-dangerous_substances-random42,182,0,0.0
final-dangerous_substances-random42,183,0,0.0
final-dangerous_substances-random42,184,0,0.0
final-dangerous_substances-random42,185,0,0.0
final-dangerous_substances-random42,186,0,0.0
final-dangerous_substances-random42,187,0,0.0
final-dangerous_substances-random42,188,1,0.0040650406504065045
final-dangerous_substances-random42,189,1,0.0040650406504065045
final-dangerous_substances-random42,190,0,0.0
final-dangerous_substances-random42,191,0,0.0
final-dangerous_substances-random42,192,2,0.008130081300813009
final-dangerous_substances-random42,193,0,0.0
final-dangerous_substances-random42,194,0,0.0
final-dangerous_substances-random42,195,0,0.0
final-dangerous_substances-random42,196,0,0.0
final-dangerous_substances-random42,197,1,0.0040650406504065045
final-dangerous_substances-random42,198,0,0.0
final-dangerous_substances-random42,199,2,0.008130081300813009
final-dangerous_substances-random42,200,0,0.0
final-dangerous_substances-random42,201,2,0.008130081300813009
final-dangerous_substances-random42,202,0,0.0
final-dangerous_substances-random42,203,2,0.008130081300813009
final-dangerous_substances-random42,204,1,0.0040650406504065045
final-dangerous_substances-random42,205,1,0.0040650406504065045
final-dangerous_substances-random42,206,0,0.0
final-dangerous_substances-random42,207,0,0.0
final-dangerous_substances-random42,208,1,0.0040650406504065045
final-dangerous_substances-random42,209,0,0.0
final-dangerous_substances-random42,210,0,0.0
final-dangerous_substances-random42,211,1,0.0040650406504065045
final-dangerous_substances-random42,212,0,0.0
final-dangerous_substances-random42,213,1,0.0040650406504065045
final-dangerous_substances-random42,214,0,0.0
final-dangerous_substances-random42,215,0,0.0
final-dangerous_substances-random42,216,1,0.0040650406504065045
final-dangerous_substances-random42,217,0,0.0
final-dangerous_substances-random42,218,2,0.008130081300813009
final-dangerous_substances-random42,219,1,0.0040650406504065045
final-dangerous_substances-random42,220,0,0.0
final-dangerous_substances-random42,221,1,0.0040650406504065045
final-dangerous_substances-random42,222,1,0.0040650406504065045
final-dangerous_substances-random42,223,1,0.0040650406504065045
final-dangerous_substances-random42,224,1,0.0040650406504065045
final-dangerous_substances-random42,225,1,0.0040650406504065045
final-dangerous_substances-random42,226,1,0.0040650406504065045
final-dangerous_substances-random42,227,0,0.0
final-dangerous_substances-random42,228,1,0.0040650406504065045
final-dangerous_substances-random42,229,0,0.0
final-dangerous_substances-random42,230,1,0.0040650406504065045
final-dangerous_substances-random42,231,1,0.0040650406504065045
final-dangerous_substances-random42,232,0,0.0
final-dangerous_substances-random42,233,0,0.0
final-dangerous_substances-random42,234,1,0.0040650406504065045
final-dangerous_substances-random42,235,0,0.0
final-dangerous_substances-random42,236,1,0.0040650406504065045
final-dangerous_substances-random42,237,1,0.0040650406504065045
final-dangerous_substances-random42,238,0,0.0
final-dangerous_substances-random42,239,1,0.0040650406504065045
final-dangerous_substances-random42,240,1,0.0040650406504065045
final-dangerous_substances-random42,241,1,0.0040650406504065045
final-dangerous_substances-random42,242,0,0.0
final-dangerous_substances-random42,243,0,0.0
final-dangerous_substances-random42,244,1,0.0040650406504065045
final-dangerous_substances-random42,245,2,0.008130081300813009
final-dangerous_substances-random42,246,0,0.0
final-dangerous_substances-random42,247,0,0.0
final-dangerous_substances-random42,248,0,0.0
final-dangerous_substances-random42,249,0,0.0
final-dangerous_substances-random42,250,1,0.0040650406504065045
final-dangerous_substances-random42,251,2,0.008130081300813009
final-dangerous_substances-random42,252,1,0.0040650406504065045
final-dangerous_substances-random42,253,1,0.0040650406504065045
final-dangerous_substances-random42,254,1,0.0040650406504065045
final-dangerous_substances-random42,255,1,0.0040650406504065045
final-dangerous_substances-random42,256,77,0.3130081300813008
final-dangerous_substances-random43,0,0,0.0
final-dangerous_substances-random43,1,0,0.0
final-dangerous_substances-random43,2,0,0.0
final-dangerous_substances-random43,3,1,0.0040650406504065045
final-dangerous_substances-random43,4,1,0.0040650406504065045
final-dangerous_substances-random43,5,1,0.0040650406504065045
final-dangerous_substances-random43,6,1,0.0040650406504065045
final-dangerous_substances-random43,7,3,0.012195121951219513
final-dangerous_substances-random43,8,1,0.0040650406504065045
final-dangerous_substances-random43,9,0,0.0
final-dangerous_substances-random43,10,0,0.0
final-dangerous_substances-random43,11,1,0.0040650406504065045
final-dangerous_substances-random43,12,0,0.0
final-dangerous_substances-random43,13,3,0.012195121951219513
final-dangerous_substances-random43,14,2,0.008130081300813009
final-dangerous_substances-random43,15,4,0.016260162601626018
final-dangerous_substances-random43,16,1,0.0040650406504065045
final-dangerous_substances-random43,17,3,0.012195121951219513
final-dangerous_substances-random43,18,2,0.008130081300813009
final-dangerous_substances-random43,19,1,0.0040650406504065045
final-dangerous_substances-random43,20,2,0.008130081300813009
final-dangerous_substances-random43,21,1,0.0040650406504065045
final-dangerous_substances-random43,22,2,0.008130081300813009
final-dangerous_substances-random43,23,1,0.0040650406504065045
final-dangerous_substances-random43,24,0,0.0
final-dangerous_substances-random43,25,1,0.0040650406504065045
final-dangerous_substances-random43,26,1,0.0040650406504065045
final-dangerous_substances-random43,27,0,0.0
final-dangerous_substances-random43,28,0,0.0
final-dangerous_substances-random43,29,0,0.0
final-dangerous_substances-random43,30,1,0.0040650406504065045
final-dangerous_substances-random43,31,5,0.02032520325203252
final-dangerous_substances-random43,32,1,0.0040650406504065045
final-dangerous_substances-random43,33,2,0.008130081300813009
final-dangerous_substances-random43,34,0,0.0
final-dangerous_substances-random43,35,1,0.0040650406504065045
final-dangerous_substances-random43,36,2,0.008130081300813009
final-dangerous_substances-random43,37,1,0.0040650406504065045
final-dangerous_substances-random43,38,1,0.0040650406504065045
final-dangerous_substances-random43,39,1,0.0040650406504065045
final-dangerous_substances-random43,40,0,0.0
final-dangerous_substances-random43,41,0,0.0
final-dangerous_substances-random43,42,1,0.0040650406504065045
final-dangerous_substances-random43,43,0,0.0
final-dangerous_substances-random43,44,0,0.0
final-dangerous_substances-random43,45,1,0.0040650406504065045
final-dangerous_substances-random43,46,1,0.0040650406504065045
final-dangerous_substances-random43,47,0,0.0
final-dangerous_substances-random43,48,0,0.0
final-dangerous_substances-random43,49,1,0.0040650406504065045
final-dangerous_substances-random43,50,0,0.0
final-dangerous_substances-random43,51,0,0.0
final-dangerous_substances-random43,52,0,0.0
final-dangerous_substances-random43,53,2,0.008130081300813009
final-dangerous_substances-random43,54,0,0.0
final-dangerous_substances-random43,55,1,0.0040650406504065045
final-dangerous_substances-random43,56,0,0.0
final-dangerous_substances-random43,57,0,0.0
final-dangerous_substances-random43,58,1,0.0040650406504065045
final-dangerous_substances-random43,59,0,0.0
final-dangerous_substances-random43,60,0,0.0
final-dangerous_substances-random43,61,0,0.0
final-dangerous_substances-random43,62,0,0.0
final-dangerous_substances-random43,63,0,0.0
final-dangerous_substances-random43,64,0,0.0
final-dangerous_substances-random43,65,1,0.0040650406504065045
final-dangerous_substances-random43,66,1,0.0040650406504065045
final-dangerous_substances-random43,67,1,0.0040650406504065045
final-dangerous_substances-random43,68,0,0.0
final-dangerous_substances-random43,69,1,0.0040650406504065045
final-dangerous_substances-random43,70,1,0.0040650406504065045
final-dangerous_substances-random43,71,0,0.0
final-dangerous_substances-random43,72,0,0.0
final-dangerous_substances-random43,73,0,0.0
final-dangerous_substances-random43,74,1,0.0040650406504065045
final-dangerous_substances-random43,75,2,0.008130081300813009
final-dangerous_substances-random43,76,1,0.0040650406504065045
final-dangerous_substances-random43,77,0,0.0
final-dangerous_substances-random43,78,0,0.0
final-dangerous_substances-random43,79,0,0.0
final-dangerous_substances-random43,80,1,0.0040650406504065045
final-dangerous_substances-random43,81,0,0.0
final-dangerous_substances-random43,82,0,0.0
final-dangerous_substances-random43,83,0,0.0
final-dangerous_substances-random43,84,0,0.0
final-dangerous_substances-random43,85,1,0.0040650406504065045
final-dangerous_substances-random43,86,0,0.0
final-dangerous_substances-random43,87,0,0.0
final-dangerous_substances-random43,88,0,0.0
final-dangerous_substances-random43,89,1,0.0040650406504065045
final-dangerous_substances-random43,90,1,0.0040650406504065045
final-dangerous_substances-random43,91,0,0.0
final-dangerous_substances-random43,92,0,0.0
final-dangerous_substances-random43,93,0,0.0
final-dangerous_substances-random43,94,0,0.0
final-dangerous_substances-random43,95,0,0.0
final-dangerous_substances-random43,96,0,0.0
final-dangerous_substances-random43,97,0,0.0
final-dangerous_substances-random43,98,0,0.0
final-dangerous_substances-random43,99,0,0.0
final-dangerous_substances-random43,100,0,0.0
final-dangerous_substances-random43,101,2,0.008130081300813009
final-dangerous_substances-random43,102,1,0.0040650406504065045
final-dangerous_substances-random43,103,0,0.0
final-dangerous_substances-random43,104,1,0.0040650406504065045
final-dangerous_substances-random43,105,1,0.0040650406504065045
final-dangerous_substances-random43,106,0,0.0
final-dangerous_substances-random43,107,0,0.0
final-dangerous_substances-random43,108,0,0.0
final-dangerous_substances-random43,109,0,0.0
final-dangerous_substances-random43,110,0,0.0
final-dangerous_substances-random43,111,0,0.0
final-dangerous_substances-random43,112,0,0.0
final-dangerous_substances-random43,113,0,0.0
final-dangerous_substances-random43,114,1,0.0040650406504065045
final-dangerous_substances-random43,115,0,0.0
final-dangerous_substances-random43,116,0,0.0
final-dangerous_substances-random43,117,0,0.0
final-dangerous_substances-random43,118,0,0.0
final-dangerous_substances-random43,119,1,0.0040650406504065045
final-dangerous_substances-random43,120,0,0.0
final-dangerous_substances-random43,121,0,0.0
final-dangerous_substances-random43,122,0,0.0
final-dangerous_substances-random43,123,0,0.0
final-dangerous_substances-random43,124,0,0.0
final-dangerous_substances-random43,125,1,0.0040650406504065045
final-dangerous_substances-random43,126,0,0.0
final-dangerous_substances-random43,127,0,0.0
final-dangerous_substances-random43,128,1,0.0040650406504065045
final-dangerous_substances-random43,129,0,0.0
final-dangerous_substances-random43,130,0,0.0
final-dangerous_substances-random43,131,0,0.0
final-dangerous_substances-random43,132,1,0.0040650406504065045
final-dangerous_substances-random43,133,1,0.0040650406504065045
final-dangerous_substances-random43,134,0,0.0
final-dangerous_substances-random43,135,2,0.008130081300813009
final-dangerous_substances-random43,136,0,0.0
final-dangerous_substances-random43,137,0,0.0
final-dangerous_substances-random43,138,0,0.0
final-dangerous_substances-random43,139,0,0.0
final-dangerous_substances-random43,140,0,0.0
final-dangerous_substances-random43,141,1,0.0040650406504065045
final-dangerous_substances-random43,142,0,0.0
final-dangerous_substances-random43,143,0,0.0
final-dangerous_substances-random43,144,0,0.0
final-dangerous_substances-random43,145,0,0.0
final-dangerous_substances-random43,146,1,0.0040650406504065045
final-dangerous_substances-random43,147,1,0.0040650406504065045
final-dangerous_substances-random43,148,0,0.0
final-dangerous_substances-random43,149,1,0.0040650406504065045
final-dangerous_substances-random43,150,1,0.0040650406504065045
final-dangerous_substances-random43,151,2,0.008130081300813009
final-dangerous_substances-random43,152,0,0.0
final-dangerous_substances-random43,153,1,0.0040650406504065045
final-dangerous_substances-random43,154,1,0.0040650406504065045
final-dangerous_substances-random43,155,0,0.0
final-dangerous_substances-random43,156,1,0.0040650406504065045
final-dangerous_substances-random43,157,1,0.0040650406504065045
final-dangerous_substances-random43,158,0,0.0
final-dangerous_substances-random43,159,1,0.0040650406504065045
final-dangerous_substances-random43,160,1,0.0040650406504065045
final-dangerous_substances-random43,161,1,0.0040650406504065045
final-dangerous_substances-random43,162,0,0.0
final-dangerous_substances-random43,163,1,0.0040650406504065045
final-dangerous_substances-random43,164,0,0.0
final-dangerous_substances-random43,165,0,0.0
final-dangerous_substances-random43,166,0,0.0
final-dangerous_substances-random43,167,1,0.0040650406504065045
final-dangerous_substances-random43,168,0,0.0
final-dangerous_substances-random43,169,1,0.0040650406504065045
final-dangerous_substances-random43,170,1,0.0040650406504065045
final-dangerous_substances-random43,171,0,0.0
final-dangerous_substances-random43,172,1,0.0040650406504065045
final-dangerous_substances-random43,173,1,0.0040650406504065045
final-dangerous_substances-random43,174,0,0.0
final-dangerous_substances-random43,175,3,0.012195121951219513
final-dangerous_substances-random43,176,0,0.0
final-dangerous_substances-random43,177,0,0.0
final-dangerous_substances-random43,178,1,0.0040650406504065045
final-dangerous_substances-random43,179,1,0.0040650406504065045
final-dangerous_substances-random43,180,0,0.0
final-dangerous_substances-random43,181,0,0.0
final-dangerous_substances-random43,182,0,0.0
final-dangerous_substances-random43,183,0,0.0
final-dangerous_substances-random43,184,1,0.0040650406504065045
final-dangerous_substances-random43,185,0,0.0
final-dangerous_substances-random43,186,1,0.0040650406504065045
final-dangerous_substances-random43,187,0,0.0
final-dangerous_substances-random43,188,2,0.008130081300813009
final-dangerous_substances-random43,189,0,0.0
final-dangerous_substances-random43,190,0,0.0
final-dangerous_substances-random43,191,1,0.0040650406504065045
final-dangerous_substances-random43,192,1,0.0040650406504065045
final-dangerous_substances-random43,193,1,0.0040650406504065045
final-dangerous_substances-random43,194,0,0.0
final-dangerous_substances-random43,195,0,0.0
final-dangerous_substances-random43,196,0,0.0
final-dangerous_substances-random43,197,0,0.0
final-dangerous_substances-random43,198,0,0.0
final-dangerous_substances-random43,199,0,0.0
final-dangerous_substances-random43,200,0,0.0
final-dangerous_substances-random43,201,0,0.0
final-dangerous_substances-random43,202,0,0.0
final-dangerous_substances-random43,203,1,0.0040650406504065045
final-dangerous_substances-random43,204,2,0.008130081300813009
final-dangerous_substances-random43,205,0,0.0
final-dangerous_substances-random43,206,0,0.0
final-dangerous_substances-random43,207,0,0.0
final-dangerous_substances-random43,208,0,0.0
final-dangerous_substances-random43,209,0,0.0
final-dangerous_substances-random43,210,1,0.0040650406504065045
final-dangerous_substances-random43,211,0,0.0
final-dangerous_substances-random43,212,0,0.0
final-dangerous_substances-random43,213,0,0.0
final-dangerous_substances-random43,214,0,0.0
final-dangerous_substances-random43,215,1,0.0040650406504065045
final-dangerous_substances-random43,216,0,0.0
final-dangerous_substances-random43,217,2,0.008130081300813009
final-dangerous_substances-random43,218,0,0.0
final-dangerous_substances-random43,219,0,0.0
final-dangerous_substances-random43,220,0,0.0
final-dangerous_substances-random43,221,0,0.0
final-dangerous_substances-random43,222,0,0.0
final-dangerous_substances-random43,223,3,0.012195121951219513
final-dangerous_substances-random43,224,1,0.0040650406504065045
final-dangerous_substances-random43,225,2,0.008130081300813009
final-dangerous_substances-random43,226,0,0.0
final-dangerous_substances-random43,227,0,0.0
final-dangerous_substances-random43,228,1,0.0040650406504065045
final-dangerous_substances-random43,229,0,0.0
final-dangerous_substances-random43,230,0,0.0
final-dangerous_substances-random43,231,1,0.0040650406504065045
final-dangerous_substances-random43,232,1,0.0040650406504065045
final-dangerous_substances-random43,233,0,0.0
final-dangerous_substances-random43,234,0,0.0
final-dangerous_substances-random43,235,2,0.008130081300813009
final-dangerous_substances-random43,236,0,0.0
final-dangerous_substances-random43,237,2,0.008130081300813009
final-dangerous_substances-random43,238,0,0.0
final-dangerous_substances-random43,239,1,0.0040650406504065045
final-dangerous_substances-random43,240,0,0.0
final-dangerous_substances-random43,241,0,0.0
final-dangerous_substances-random43,242,0,0.0
final-dangerous_substances-random43,243,1,0.0040650406504065045
final-dangerous_substances-random43,244,0,0.0
final-dangerous_substances-random43,245,0,0.0
final-dangerous_substances-random43,246,0,0.0
final-dangerous_substances-random43,247,2,0.008130081300813009
final-dangerous_substances-random43,248,0,0.0
final-dangerous_substances-random43,249,2,0.008130081300813009
final-dangerous_substances-random43,250,0,0.0
final-dangerous_substances-random43,251,0,0.0
final-dangerous_substances-random43,252,1,0.0040650406504065045
final-dangerous_substances-random43,253,2,0.008130081300813009
final-dangerous_substances-random43,254,1,0.0040650406504065045
final-dangerous_substances-random43,255,1,0.0040650406504065045
final-dangerous_substances-random43,256,101,0.4105691056910569
final-disinformation-real,0,0,0.0
final-disinformation-real,1,0,0.0
final-disinformation-real,2,0,0.0
final-disinformation-real,3,0,0.0
final-disinformation-real,4,1,0.0040650406504065045
final-disinformation-real,5,0,0.0
final-disinformation-real,6,1,0.0040650406504065045
final-disinformation-real,7,1,0.0040650406504065045
final-disinformation-real,8,3,0.012195121951219513
final-disinformation-real,9,0,0.0
final-disinformation-real,10,0,0.0
final-disinformation-real,11,0,0.0
final-disinformation-real,12,0,0.0
final-disinformation-real,13,30,0.12195121951219512
final-disinformation-real,14,2,0.008130081300813009
final-disinformation-real,15,2,0.008130081300813009
final-disinformation-real,16,1,0.0040650406504065045
final-disinformation-real,17,1,0.0040650406504065045
final-disinformation-real,18,2,0.008130081300813009
final-disinformation-real,19,0,0.0
final-disinformation-real,20,1,0.0040650406504065045
final-disinformation-real,21,0,0.0
final-disinformation-real,22,0,0.0
final-disinformation-real,23,1,0.0040650406504065045
final-disinformation-real,24,0,0.0
final-disinformation-real,25,0,0.0
final-disinformation-real,26,1,0.0040650406504065045
final-disinformation-real,27,1,0.0040650406504065045
final-disinformation-real,28,1,0.0040650406504065045
final-disinformation-real,29,0,0.0
final-disinformation-real,30,0,0.0
final-disinformation-real,31,0,0.0
final-disinformation-real,32,1,0.0040650406504065045
final-disinformation-real,33,2,0.008130081300813009
final-disinformation-real,34,0,0.0
final-disinformation-real,35,1,0.0040650406504065045
final-disinformation-real,36,0,0.0
final-disinformation-real,37,0,0.0
final-disinformation-real,38,0,0.0
final-disinformation-real,39,2,0.008130081300813009
final-disinformation-real,40,0,0.0
final-disinformation-real,41,0,0.0
final-disinformation-real,42,0,0.0
final-disinformation-real,43,0,0.0
final-disinformation-real,44,0,0.0
final-disinformation-real,45,0,0.0
final-disinformation-real,46,0,0.0
final-disinformation-real,47,2,0.008130081300813009
final-disinformation-real,48,0,0.0
final-disinformation-real,49,1,0.0040650406504065045
final-disinformation-real,50,0,0.0
final-disinformation-real,51,0,0.0
final-disinformation-real,52,1,0.0040650406504065045
final-disinformation-real,53,0,0.0
final-disinformation-real,54,0,0.0
final-disinformation-real,55,0,0.0
final-disinformation-real,56,0,0.0
final-disinformation-real,57,1,0.0040650406504065045
final-disinformation-real,58,0,0.0
final-disinformation-real,59,1,0.0040650406504065045
final-disinformation-real,60,0,0.0
final-disinformation-real,61,0,0.0
final-disinformation-real,62,0,0.0
final-disinformation-real,63,0,0.0
final-disinformation-real,64,0,0.0
final-disinformation-real,65,0,0.0
final-disinformation-real,66,0,0.0
final-disinformation-real,67,0,0.0
final-disinformation-real,68,0,0.0
final-disinformation-real,69,1,0.0040650406504065045
final-disinformation-real,70,1,0.0040650406504065045
final-disinformation-real,71,2,0.008130081300813009
final-disinformation-real,72,1,0.0040650406504065045
final-disinformation-real,73,0,0.0
final-disinformation-real,74,1,0.0040650406504065045
final-disinformation-real,75,0,0.0
final-disinformation-real,76,3,0.012195121951219513
final-disinformation-real,77,1,0.0040650406504065045
final-disinformation-real,78,0,0.0
final-disinformation-real,79,0,0.0
final-disinformation-real,80,1,0.0040650406504065045
final-disinformation-real,81,0,0.0
final-disinformation-real,82,1,0.0040650406504065045
final-disinformation-real,83,0,0.0
final-disinformation-real,84,0,0.0
final-disinformation-real,85,0,0.0
final-disinformation-real,86,0,0.0
final-disinformation-real,87,0,0.0
final-disinformation-real,88,0,0.0
final-disinformation-real,89,1,0.0040650406504065045
final-disinformation-real,90,1,0.0040650406504065045
final-disinformation-real,91,0,0.0
final-disinformation-real,92,1,0.0040650406504065045
final-disinformation-real,93,0,0.0
final-disinformation-real,94,1,0.0040650406504065045
final-disinformation-real,95,2,0.008130081300813009
final-disinformation-real,96,0,0.0
final-disinformation-real,97,0,0.0
final-disinformation-real,98,0,0.0
final-disinformation-real,99,1,0.0040650406504065045
final-disinformation-real,100,0,0.0
final-disinformation-real,101,0,0.0
final-disinformation-real,102,0,0.0
final-disinformation-real,103,1,0.0040650406504065045
final-disinformation-real,104,0,0.0
final-disinformation-real,105,0,0.0
final-disinformation-real,106,0,0.0
final-disinformation-real,107,0,0.0
final-disinformation-real,108,0,0.0
final-disinformation-real,109,0,0.0
final-disinformation-real,110,1,0.0040650406504065045
final-disinformation-real,111,0,0.0
final-disinformation-real,112,0,0.0
final-disinformation-real,113,0,0.0
final-disinformation-real,114,1,0.0040650406504065045
final-disinformation-real,115,0,0.0
final-disinformation-real,116,0,0.0
final-disinformation-real,117,1,0.0040650406504065045
final-disinformation-real,118,0,0.0
final-disinformation-real,119,0,0.0
final-disinformation-real,120,0,0.0
final-disinformation-real,121,0,0.0
final-disinformation-real,122,0,0.0
final-disinformation-real,123,0,0.0
final-disinformation-real,124,1,0.0040650406504065045
final-disinformation-real,125,0,0.0
final-disinformation-real,126,2,0.008130081300813009
final-disinformation-real,127,2,0.008130081300813009
final-disinformation-real,128,0,0.0
final-disinformation-real,129,1,0.0040650406504065045
final-disinformation-real,130,0,0.0
final-disinformation-real,131,0,0.0
final-disinformation-real,132,0,0.0
final-disinformation-real,133,0,0.0
final-disinformation-real,134,0,0.0
final-disinformation-real,135,0,0.0
final-disinformation-real,136,1,0.0040650406504065045
final-disinformation-real,137,0,0.0
final-disinformation-real,138,0,0.0
final-disinformation-real,139,0,0.0
final-disinformation-real,140,0,0.0
final-disinformation-real,141,0,0.0
final-disinformation-real,142,1,0.0040650406504065045
final-disinformation-real,143,0,0.0
final-disinformation-real,144,2,0.008130081300813009
final-disinformation-real,145,0,0.0
final-disinformation-real,146,0,0.0
final-disinformation-real,147,0,0.0
final-disinformation-real,148,1,0.0040650406504065045
final-disinformation-real,149,0,0.0
final-disinformation-real,150,0,0.0
final-disinformation-real,151,0,0.0
final-disinformation-real,152,0,0.0
final-disinformation-real,153,0,0.0
final-disinformation-real,154,0,0.0
final-disinformation-real,155,0,0.0
final-disinformation-real,156,0,0.0
final-disinformation-real,157,0,0.0
final-disinformation-real,158,1,0.0040650406504065045
final-disinformation-real,159,1,0.0040650406504065045
final-disinformation-real,160,0,0.0
final-disinformation-real,161,0,0.0
final-disinformation-real,162,0,0.0
final-disinformation-real,163,0,0.0
final-disinformation-real,164,0,0.0
final-disinformation-real,165,0,0.0
final-disinformation-real,166,1,0.0040650406504065045
final-disinformation-real,167,0,0.0
final-disinformation-real,168,0,0.0
final-disinformation-real,169,1,0.0040650406504065045
final-disinformation-real,170,0,0.0
final-disinformation-real,171,0,0.0
final-disinformation-real,172,0,0.0
final-disinformation-real,173,0,0.0
final-disinformation-real,174,0,0.0
final-disinformation-real,175,2,0.008130081300813009
final-disinformation-real,176,0,0.0
final-disinformation-real,177,0,0.0
final-disinformation-real,178,1,0.0040650406504065045
final-disinformation-real,179,0,0.0
final-disinformation-real,180,0,0.0
final-disinformation-real,181,1,0.0040650406504065045
final-disinformation-real,182,1,0.0040650406504065045
final-disinformation-real,183,0,0.0
final-disinformation-real,184,0,0.0
final-disinformation-real,185,0,0.0
final-disinformation-real,186,0,0.0
final-disinformation-real,187,1,0.0040650406504065045
final-disinformation-real,188,0,0.0
final-disinformation-real,189,0,0.0
final-disinformation-real,190,1,0.0040650406504065045
final-disinformation-real,191,0,0.0
final-disinformation-real,192,0,0.0
final-disinformation-real,193,0,0.0
final-disinformation-real,194,1,0.0040650406504065045
final-disinformation-real,195,0,0.0
final-disinformation-real,196,1,0.0040650406504065045
final-disinformation-real,197,0,0.0
final-disinformation-real,198,1,0.0040650406504065045
final-disinformation-real,199,1,0.0040650406504065045
final-disinformation-real,200,0,0.0
final-disinformation-real,201,0,0.0
final-disinformation-real,202,1,0.0040650406504065045
final-disinformation-real,203,0,0.0
final-disinformation-real,204,0,0.0
final-disinformation-real,205,0,0.0
final-disinformation-real,206,0,0.0
final-disinformation-real,207,1,0.0040650406504065045
final-disinformation-real,208,0,0.0
final-disinformation-real,209,1,0.0040650406504065045
final-disinformation-real,210,1,0.0040650406504065045
final-disinformation-real,211,0,0.0
final-disinformation-real,212,1,0.0040650406504065045
final-disinformation-real,213,0,0.0
final-disinformation-real,214,0,0.0
final-disinformation-real,215,0,0.0
final-disinformation-real,216,0,0.0
final-disinformation-real,217,0,0.0
final-disinformation-real,218,1,0.0040650406504065045
final-disinformation-real,219,0,0.0
final-disinformation-real,220,0,0.0
final-disinformation-real,221,0,0.0
final-disinformation-real,222,0,0.0
final-disinformation-real,223,1,0.0040650406504065045
final-disinformation-real,224,0,0.0
final-disinformation-real,225,0,0.0
final-disinformation-real,226,0,0.0
final-disinformation-real,227,0,0.0
final-disinformation-real,228,0,0.0
final-disinformation-real,229,0,0.0
final-disinformation-real,230,0,0.0
final-disinformation-real,231,0,0.0
final-disinformation-real,232,0,0.0
final-disinformation-real,233,0,0.0
final-disinformation-real,234,1,0.0040650406504065045
final-disinformation-real,235,0,0.0
final-disinformation-real,236,0,0.0
final-disinformation-real,237,0,0.0
final-disinformation-real,238,0,0.0
final-disinformation-real,239,0,0.0
final-disinformation-real,240,0,0.0
final-disinformation-real,241,3,0.012195121951219513
final-disinformation-real,242,1,0.0040650406504065045
final-disinformation-real,243,1,0.0040650406504065045
final-disinformation-real,244,1,0.0040650406504065045
final-disinformation-real,245,0,0.0
final-disinformation-real,246,0,0.0
final-disinformation-real,247,2,0.008130081300813009
final-disinformation-real,248,0,0.0
final-disinformation-real,249,0,0.0
final-disinformation-real,250,0,0.0
final-disinformation-real,251,0,0.0
final-disinformation-real,252,1,0.0040650406504065045
final-disinformation-real,253,1,0.0040650406504065045
final-disinformation-real,254,1,0.0040650406504065045
final-disinformation-real,255,0,0.0
final-disinformation-real,256,117,0.47560975609756095
final-disinformation-random42,0,0,0.0
final-disinformation-random42,1,0,0.0
final-disinformation-random42,2,0,0.0
final-disinformation-random42,3,0,0.0
final-disinformation-random42,4,1,0.0040650406504065045
final-disinformation-random42,5,0,0.0
final-disinformation-random42,6,1,0.0040650406504065045
final-disinformation-random42,7,1,0.0040650406504065045
final-disinformation-random42,8,1,0.0040650406504065045
final-disinformation-random42,9,2,0.008130081300813009
final-disinformation-random42,10,2,0.008130081300813009
final-disinformation-random42,11,1,0.0040650406504065045
final-disinformation-random42,12,0,0.0
final-disinformation-random42,13,5,0.02032520325203252
final-disinformation-random42,14,2,0.008130081300813009
final-disinformation-random42,15,1,0.0040650406504065045
final-disinformation-random42,16,2,0.008130081300813009
final-disinformation-random42,17,4,0.016260162601626018
final-disinformation-random42,18,3,0.012195121951219513
final-disinformation-random42,19,1,0.0040650406504065045
final-disinformation-random42,20,1,0.0040650406504065045
final-disinformation-random42,21,1,0.0040650406504065045
final-disinformation-random42,22,2,0.008130081300813009
final-disinformation-random42,23,0,0.0
final-disinformation-random42,24,1,0.0040650406504065045
final-disinformation-random42,25,1,0.0040650406504065045
final-disinformation-random42,26,0,0.0
final-disinformation-random42,27,0,0.0
final-disinformation-random42,28,0,0.0
final-disinformation-random42,29,0,0.0
final-disinformation-random42,30,0,0.0
final-disinformation-random42,31,1,0.0040650406504065045
final-disinformation-random42,32,0,0.0
final-disinformation-random42,33,2,0.008130081300813009
final-disinformation-random42,34,2,0.008130081300813009
final-disinformation-random42,35,2,0.008130081300813009
final-disinformation-random42,36,0,0.0
final-disinformation-random42,37,0,0.0
final-disinformation-random42,38,3,0.012195121951219513
final-disinformation-random42,39,1,0.0040650406504065045
final-disinformation-random42,40,0,0.0
final-disinformation-random42,41,0,0.0
final-disinformation-random42,42,1,0.0040650406504065045
final-disinformation-random42,43,1,0.0040650406504065045
final-disinformation-random42,44,0,0.0
final-disinformation-random42,45,1,0.0040650406504065045
final-disinformation-random42,46,0,0.0
final-disinformation-random42,47,0,0.0
final-disinformation-random42,48,0,0.0
final-disinformation-random42,49,1,0.0040650406504065045
final-disinformation-random42,50,0,0.0
final-disinformation-random42,51,0,0.0
final-disinformation-random42,52,1,0.0040650406504065045
final-disinformation-random42,53,0,0.0
final-disinformation-random42,54,0,0.0
final-disinformation-random42,55,0,0.0
final-disinformation-random42,56,2,0.008130081300813009
final-disinformation-random42,57,2,0.008130081300813009
final-disinformation-random42,58,0,0.0
final-disinformation-random42,59,1,0.0040650406504065045
final-disinformation-random42,60,1,0.0040650406504065045
final-disinformation-random42,61,1,0.0040650406504065045
final-disinformation-random42,62,1,0.0040650406504065045
final-disinformation-random42,63,2,0.008130081300813009
final-disinformation-random42,64,1,0.0040650406504065045
final-disinformation-random42,65,0,0.0
final-disinformation-random42,66,0,0.0
final-disinformation-random42,67,0,0.0
final-disinformation-random42,68,0,0.0
final-disinformation-random42,69,0,0.0
final-disinformation-random42,70,1,0.0040650406504065045
final-disinformation-random42,71,1,0.0040650406504065045
final-disinformation-random42,72,1,0.0040650406504065045
final-disinformation-random42,73,0,0.0
final-disinformation-random42,74,0,0.0
final-disinformation-random42,75,1,0.0040650406504065045
final-disinformation-random42,76,0,0.0
final-disinformation-random42,77,0,0.0
final-disinformation-random42,78,1,0.0040650406504065045
final-disinformation-random42,79,1,0.0040650406504065045
final-disinformation-random42,80,0,0.0
final-disinformation-random42,81,1,0.0040650406504065045
final-disinformation-random42,82,0,0.0
final-disinformation-random42,83,0,0.0
final-disinformation-random42,84,0,0.0
final-disinformation-random42,85,2,0.008130081300813009
final-disinformation-random42,86,0,0.0
final-disinformation-random42,87,0,0.0
final-disinformation-random42,88,1,0.0040650406504065045
final-disinformation-random42,89,0,0.0
final-disinformation-random42,90,0,0.0
final-disinformation-random42,91,0,0.0
final-disinformation-random42,92,1,0.0040650406504065045
final-disinformation-random42,93,0,0.0
final-disinformation-random42,94,1,0.0040650406504065045
final-disinformation-random42,95,0,0.0
final-disinformation-random42,96,0,0.0
final-disinformation-random42,97,1,0.0040650406504065045
final-disinformation-random42,98,2,0.008130081300813009
final-disinformation-random42,99,0,0.0
final-disinformation-random42,100,0,0.0
final-disinformation-random42,101,1,0.0040650406504065045
final-disinformation-random42,102,0,0.0
final-disinformation-random42,103,1,0.0040650406504065045
final-disinformation-random42,104,0,0.0
final-disinformation-random42,105,0,0.0
final-disinformation-random42,106,1,0.0040650406504065045
final-disinformation-random42,107,0,0.0
final-disinformation-random42,108,3,0.012195121951219513
final-disinformation-random42,109,1,0.0040650406504065045
final-disinformation-random42,110,0,0.0
final-disinformation-random42,111,2,0.008130081300813009
final-disinformation-random42,112,0,0.0
final-disinformation-random42,113,3,0.012195121951219513
final-disinformation-random42,114,0,0.0
final-disinformation-random42,115,0,0.0
final-disinformation-random42,116,2,0.008130081300813009
final-disinformation-random42,117,0,0.0
final-disinformation-random42,118,0,0.0
final-disinformation-random42,119,0,0.0
final-disinformation-random42,120,1,0.0040650406504065045
final-disinformation-random42,121,2,0.008130081300813009
final-disinformation-random42,122,0,0.0
final-disinformation-random42,123,0,0.0
final-disinformation-random42,124,0,0.0
final-disinformation-random42,125,0,0.0
final-disinformation-random42,126,3,0.012195121951219513
final-disinformation-random42,127,0,0.0
final-disinformation-random42,128,0,0.0
final-disinformation-random42,129,2,0.008130081300813009
final-disinformation-random42,130,0,0.0
final-disinformation-random42,131,1,0.0040650406504065045
final-disinformation-random42,132,1,0.0040650406504065045
final-disinformation-random42,133,0,0.0
final-disinformation-random42,134,0,0.0
final-disinformation-random42,135,1,0.0040650406504065045
final-disinformation-random42,136,0,0.0
final-disinformation-random42,137,0,0.0
final-disinformation-random42,138,0,0.0
final-disinformation-random42,139,0,0.0
final-disinformation-random42,140,2,0.008130081300813009
final-disinformation-random42,141,2,0.008130081300813009
final-disinformation-random42,142,1,0.0040650406504065045
final-disinformation-random42,143,0,0.0
final-disinformation-random42,144,0,0.0
final-disinformation-random42,145,1,0.0040650406504065045
final-disinformation-random42,146,1,0.0040650406504065045
final-disinformation-random42,147,0,0.0
final-disinformation-random42,148,0,0.0
final-disinformation-random42,149,0,0.0
final-disinformation-random42,150,0,0.0
final-disinformation-random42,151,0,0.0
final-disinformation-random42,152,1,0.0040650406504065045
final-disinformation-random42,153,1,0.0040650406504065045
final-disinformation-random42,154,0,0.0
final-disinformation-random42,155,0,0.0
final-disinformation-random42,156,1,0.0040650406504065045
final-disinformation-random42,157,0,0.0
final-disinformation-random42,158,0,0.0
final-disinformation-random42,159,0,0.0
final-disinformation-random42,160,0,0.0
final-disinformation-random42,161,0,0.0
final-disinformation-random42,162,0,0.0
final-disinformation-random42,163,2,0.008130081300813009
final-disinformation-random42,164,2,0.008130081300813009
final-disinformation-random42,165,1,0.0040650406504065045
final-disinformation-random42,166,0,0.0
final-disinformation-random42,167,2,0.008130081300813009
final-disinformation-random42,168,1,0.0040650406504065045
final-disinformation-random42,169,2,0.008130081300813009
final-disinformation-random42,170,1,0.0040650406504065045
final-disinformation-random42,171,0,0.0
final-disinformation-random42,172,0,0.0
final-disinformation-random42,173,1,0.0040650406504065045
final-disinformation-random42,174,0,0.0
final-disinformation-random42,175,0,0.0
final-disinformation-random42,176,0,0.0
final-disinformation-random42,177,1,0.0040650406504065045
final-disinformation-random42,178,1,0.0040650406504065045
final-disinformation-random42,179,0,0.0
final-disinformation-random42,180,0,0.0
final-disinformation-random42,181,1,0.0040650406504065045
final-disinformation-random42,182,0,0.0
final-disinformation-random42,183,1,0.0040650406504065045
final-disinformation-random42,184,2,0.008130081300813009
final-disinformation-random42,185,0,0.0
final-disinformation-random42,186,0,0.0
final-disinformation-random42,187,0,0.0
final-disinformation-random42,188,0,0.0
final-disinformation-random42,189,0,0.0
final-disinformation-random42,190,1,0.0040650406504065045
final-disinformation-random42,191,1,0.0040650406504065045
final-disinformation-random42,192,4,0.016260162601626018
final-disinformation-random42,193,0,0.0
final-disinformation-random42,194,0,0.0
final-disinformation-random42,195,0,0.0
final-disinformation-random42,196,0,0.0
final-disinformation-random42,197,1,0.0040650406504065045
final-disinformation-random42,198,2,0.008130081300813009
final-disinformation-random42,199,1,0.0040650406504065045
final-disinformation-random42,200,0,0.0
final-disinformation-random42,201,0,0.0
final-disinformation-random42,202,2,0.008130081300813009
final-disinformation-random42,203,0,0.0
final-disinformation-random42,204,1,0.0040650406504065045
final-disinformation-random42,205,1,0.0040650406504065045
final-disinformation-random42,206,0,0.0
final-disinformation-random42,207,1,0.0040650406504065045
final-disinformation-random42,208,2,0.008130081300813009
final-disinformation-random42,209,1,0.0040650406504065045
final-disinformation-random42,210,1,0.0040650406504065045
final-disinformation-random42,211,0,0.0
final-disinformation-random42,212,0,0.0
final-disinformation-random42,213,0,0.0
final-disinformation-random42,214,1,0.0040650406504065045
final-disinformation-random42,215,0,0.0
final-disinformation-random42,216,1,0.0040650406504065045
final-disinformation-random42,217,0,0.0
final-disinformation-random42,218,1,0.0040650406504065045
final-disinformation-random42,219,0,0.0
final-disinformation-random42,220,0,0.0
final-disinformation-random42,221,0,0.0
final-disinformation-random42,222,2,0.008130081300813009
final-disinformation-random42,223,2,0.008130081300813009
final-disinformation-random42,224,1,0.0040650406504065045
final-disinformation-random42,225,1,0.0040650406504065045
final-disinformation-random42,226,0,0.0
final-disinformation-random42,227,1,0.0040650406504065045
final-disinformation-random42,228,1,0.0040650406504065045
final-disinformation-random42,229,0,0.0
final-disinformation-random42,230,0,0.0
final-disinformation-random42,231,0,0.0
final-disinformation-random42,232,1,0.0040650406504065045
final-disinformation-random42,233,0,0.0
final-disinformation-random42,234,0,0.0
final-disinformation-random42,235,0,0.0
final-disinformation-random42,236,0,0.0
final-disinformation-random42,237,1,0.0040650406504065045
final-disinformation-random42,238,0,0.0
final-disinformation-random42,239,1,0.0040650406504065045
final-disinformation-random42,240,0,0.0
final-disinformation-random42,241,0,0.0
final-disinformation-random42,242,2,0.008130081300813009
final-disinformation-random42,243,2,0.008130081300813009
final-disinformation-random42,244,0,0.0
final-disinformation-random42,245,0,0.0
final-disinformation-random42,246,1,0.0040650406504065045
final-disinformation-random42,247,0,0.0
final-disinformation-random42,248,1,0.0040650406504065045
final-disinformation-random42,249,2,0.008130081300813009
final-disinformation-random42,250,0,0.0
final-disinformation-random42,251,0,0.0
final-disinformation-random42,252,1,0.0040650406504065045
final-disinformation-random42,253,0,0.0
final-disinformation-random42,254,0,0.0
final-disinformation-random42,255,1,0.0040650406504065045
final-disinformation-random42,256,75,0.3048780487804878
final-disinformation-random43,0,0,0.0
final-disinformation-random43,1,0,0.0
final-disinformation-random43,2,0,0.0
final-disinformation-random43,3,1,0.0040650406504065045
final-disinformation-random43,4,1,0.0040650406504065045
final-disinformation-random43,5,1,0.0040650406504065045
final-disinformation-random43,6,1,0.0040650406504065045
final-disinformation-random43,7,3,0.012195121951219513
final-disinformation-random43,8,1,0.0040650406504065045
final-disinformation-random43,9,0,0.0
final-disinformation-random43,10,0,0.0
final-disinformation-random43,11,1,0.0040650406504065045
final-disinformation-random43,12,1,0.0040650406504065045
final-disinformation-random43,13,2,0.008130081300813009
final-disinformation-random43,14,2,0.008130081300813009
final-disinformation-random43,15,4,0.016260162601626018
final-disinformation-random43,16,1,0.0040650406504065045
final-disinformation-random43,17,3,0.012195121951219513
final-disinformation-random43,18,1,0.0040650406504065045
final-disinformation-random43,19,0,0.0
final-disinformation-random43,20,1,0.0040650406504065045
final-disinformation-random43,21,2,0.008130081300813009
final-disinformation-random43,22,3,0.012195121951219513
final-disinformation-random43,23,0,0.0
final-disinformation-random43,24,0,0.0
final-disinformation-random43,25,1,0.0040650406504065045
final-disinformation-random43,26,1,0.0040650406504065045
final-disinformation-random43,27,0,0.0
final-disinformation-random43,28,0,0.0
final-disinformation-random43,29,0,0.0
final-disinformation-random43,30,1,0.0040650406504065045
final-disinformation-random43,31,5,0.02032520325203252
final-disinformation-random43,32,1,0.0040650406504065045
final-disinformation-random43,33,3,0.012195121951219513
final-disinformation-random43,34,0,0.0
final-disinformation-random43,35,1,0.0040650406504065045
final-disinformation-random43,36,2,0.008130081300813009
final-disinformation-random43,37,1,0.0040650406504065045
final-disinformation-random43,38,1,0.0040650406504065045
final-disinformation-random43,39,1,0.0040650406504065045
final-disinformation-random43,40,0,0.0
final-disinformation-random43,41,1,0.0040650406504065045
final-disinformation-random43,42,0,0.0
final-disinformation-random43,43,1,0.0040650406504065045
final-disinformation-random43,44,1,0.0040650406504065045
final-disinformation-random43,45,0,0.0
final-disinformation-random43,46,0,0.0
final-disinformation-random43,47,0,0.0
final-disinformation-random43,48,0,0.0
final-disinformation-random43,49,2,0.008130081300813009
final-disinformation-random43,50,0,0.0
final-disinformation-random43,51,0,0.0
final-disinformation-random43,52,0,0.0
final-disinformation-random43,53,2,0.008130081300813009
final-disinformation-random43,54,0,0.0
final-disinformation-random43,55,0,0.0
final-disinformation-random43,56,0,0.0
final-disinformation-random43,57,0,0.0
final-disinformation-random43,58,1,0.0040650406504065045
final-disinformation-random43,59,0,0.0
final-disinformation-random43,60,1,0.0040650406504065045
final-disinformation-random43,61,0,0.0
final-disinformation-random43,62,0,0.0
final-disinformation-random43,63,1,0.0040650406504065045
final-disinformation-random43,64,0,0.0
final-disinformation-random43,65,1,0.0040650406504065045
final-disinformation-random43,66,1,0.0040650406504065045
final-disinformation-random43,67,2,0.008130081300813009
final-disinformation-random43,68,0,0.0
final-disinformation-random43,69,1,0.0040650406504065045
final-disinformation-random43,70,1,0.0040650406504065045
final-disinformation-random43,71,0,0.0
final-disinformation-random43,72,0,0.0
final-disinformation-random43,73,0,0.0
final-disinformation-random43,74,0,0.0
final-disinformation-random43,75,1,0.0040650406504065045
final-disinformation-random43,76,0,0.0
final-disinformation-random43,77,1,0.0040650406504065045
final-disinformation-random43,78,1,0.0040650406504065045
final-disinformation-random43,79,0,0.0
final-disinformation-random43,80,0,0.0
final-disinformation-random43,81,0,0.0
final-disinformation-random43,82,0,0.0
final-disinformation-random43,83,0,0.0
final-disinformation-random43,84,0,0.0
final-disinformation-random43,85,0,0.0
final-disinformation-random43,86,0,0.0
final-disinformation-random43,87,0,0.0
final-disinformation-random43,88,1,0.0040650406504065045
final-disinformation-random43,89,1,0.0040650406504065045
final-disinformation-random43,90,0,0.0
final-disinformation-random43,91,1,0.0040650406504065045
final-disinformation-random43,92,1,0.0040650406504065045
final-disinformation-random43,93,0,0.0
final-disinformation-random43,94,0,0.0
final-disinformation-random43,95,1,0.0040650406504065045
final-disinformation-random43,96,0,0.0
final-disinformation-random43,97,0,0.0
final-disinformation-random43,98,1,0.0040650406504065045
final-disinformation-random43,99,0,0.0
final-disinformation-random43,100,1,0.0040650406504065045
final-disinformation-random43,101,1,0.0040650406504065045
final-disinformation-random43,102,1,0.0040650406504065045
final-disinformation-random43,103,0,0.0
final-disinformation-random43,104,0,0.0
final-disinformation-random43,105,0,0.0
final-disinformation-random43,106,0,0.0
final-disinformation-random43,107,0,0.0
final-disinformation-random43,108,1,0.0040650406504065045
final-disinformation-random43,109,0,0.0
final-disinformation-random43,110,0,0.0
final-disinformation-random43,111,0,0.0
final-disinformation-random43,112,0,0.0
final-disinformation-random43,113,0,0.0
final-disinformation-random43,114,0,0.0
final-disinformation-random43,115,0,0.0
final-disinformation-random43,116,1,0.0040650406504065045
final-disinformation-random43,117,0,0.0
final-disinformation-random43,118,0,0.0
final-disinformation-random43,119,0,0.0
final-disinformation-random43,120,0,0.0
final-disinformation-random43,121,0,0.0
final-disinformation-random43,122,1,0.0040650406504065045
final-disinformation-random43,123,1,0.0040650406504065045
final-disinformation-random43,124,0,0.0
final-disinformation-random43,125,1,0.0040650406504065045
final-disinformation-random43,126,1,0.0040650406504065045
final-disinformation-random43,127,0,0.0
final-disinformation-random43,128,1,0.0040650406504065045
final-disinformation-random43,129,0,0.0
final-disinformation-random43,130,2,0.008130081300813009
final-disinformation-random43,131,1,0.0040650406504065045
final-disinformation-random43,132,0,0.0
final-disinformation-random43,133,0,0.0
final-disinformation-random43,134,0,0.0
final-disinformation-random43,135,0,0.0
final-disinformation-random43,136,0,0.0
final-disinformation-random43,137,0,0.0
final-disinformation-random43,138,0,0.0
final-disinformation-random43,139,0,0.0
final-disinformation-random43,140,0,0.0
final-disinformation-random43,141,0,0.0
final-disinformation-random43,142,0,0.0
final-disinformation-random43,143,1,0.0040650406504065045
final-disinformation-random43,144,1,0.0040650406504065045
final-disinformation-random43,145,1,0.0040650406504065045
final-disinformation-random43,146,0,0.0
final-disinformation-random43,147,2,0.008130081300813009
final-disinformation-random43,148,0,0.0
final-disinformation-random43,149,1,0.0040650406504065045
final-disinformation-random43,150,1,0.0040650406504065045
final-disinformation-random43,151,2,0.008130081300813009
final-disinformation-random43,152,0,0.0
final-disinformation-random43,153,0,0.0
final-disinformation-random43,154,0,0.0
final-disinformation-random43,155,0,0.0
final-disinformation-random43,156,0,0.0
final-disinformation-random43,157,0,0.0
final-disinformation-random43,158,1,0.0040650406504065045
final-disinformation-random43,159,0,0.0
final-disinformation-random43,160,0,0.0
final-disinformation-random43,161,1,0.0040650406504065045
final-disinformation-random43,162,0,0.0
final-disinformation-random43,163,0,0.0
final-disinformation-random43,164,0,0.0
final-disinformation-random43,165,0,0.0
final-disinformation-random43,166,0,0.0
final-disinformation-random43,167,0,0.0
final-disinformation-random43,168,0,0.0
final-disinformation-random43,169,0,0.0
final-disinformation-random43,170,0,0.0
final-disinformation-random43,171,1,0.0040650406504065045
final-disinformation-random43,172,0,0.0
final-disinformation-random43,173,1,0.0040650406504065045
final-disinformation-random43,174,1,0.0040650406504065045
final-disinformation-random43,175,0,0.0
final-disinformation-random43,176,0,0.0
final-disinformation-random43,177,0,0.0
final-disinformation-random43,178,1,0.0040650406504065045
final-disinformation-random43,179,1,0.0040650406504065045
final-disinformation-random43,180,1,0.0040650406504065045
final-disinformation-random43,181,1,0.0040650406504065045
final-disinformation-random43,182,1,0.0040650406504065045
final-disinformation-random43,183,0,0.0
final-disinformation-random43,184,0,0.0
final-disinformation-random43,185,1,0.0040650406504065045
final-disinformation-random43,186,0,0.0
final-disinformation-random43,187,0,0.0
final-disinformation-random43,188,0,0.0
final-disinformation-random43,189,0,0.0
final-disinformation-random43,190,0,0.0
final-disinformation-random43,191,0,0.0
final-disinformation-random43,192,0,0.0
final-disinformation-random43,193,0,0.0
final-disinformation-random43,194,1,0.0040650406504065045
final-disinformation-random43,195,1,0.0040650406504065045
final-disinformation-random43,196,2,0.008130081300813009
final-disinformation-random43,197,0,0.0
final-disinformation-random43,198,2,0.008130081300813009
final-disinformation-random43,199,2,0.008130081300813009
final-disinformation-random43,200,2,0.008130081300813009
final-disinformation-random43,201,0,0.0
final-disinformation-random43,202,1,0.0040650406504065045
final-disinformation-random43,203,1,0.0040650406504065045
final-disinformation-random43,204,0,0.0
final-disinformation-random43,205,0,0.0
final-disinformation-random43,206,1,0.0040650406504065045
final-disinformation-random43,207,0,0.0
final-disinformation-random43,208,0,0.0
final-disinformation-random43,209,0,0.0
final-disinformation-random43,210,1,0.0040650406504065045
final-disinformation-random43,211,0,0.0
final-disinformation-random43,212,0,0.0
final-disinformation-random43,213,2,0.008130081300813009
final-disinformation-random43,214,0,0.0
final-disinformation-random43,215,0,0.0
final-disinformation-random43,216,1,0.0040650406504065045
final-disinformation-random43,217,1,0.0040650406504065045
final-disinformation-random43,218,1,0.0040650406504065045
final-disinformation-random43,219,1,0.0040650406504065045
final-disinformation-random43,220,0,0.0
final-disinformation-random43,221,2,0.008130081300813009
final-disinformation-random43,222,0,0.0
final-disinformation-random43,223,2,0.008130081300813009
final-disinformation-random43,224,1,0.0040650406504065045
final-disinformation-random43,225,0,0.0
final-disinformation-random43,226,1,0.0040650406504065045
final-disinformation-random43,227,1,0.0040650406504065045
final-disinformation-random43,228,0,0.0
final-disinformation-random43,229,0,0.0
final-disinformation-random43,230,0,0.0
final-disinformation-random43,231,0,0.0
final-disinformation-random43,232,0,0.0
final-disinformation-random43,233,1,0.0040650406504065045
final-disinformation-random43,234,0,0.0
final-disinformation-random43,235,1,0.0040650406504065045
final-disinformation-random43,236,0,0.0
final-disinformation-random43,237,0,0.0
final-disinformation-random43,238,1,0.0040650406504065045
final-disinformation-random43,239,0,0.0
final-disinformation-random43,240,0,0.0
final-disinformation-random43,241,1,0.0040650406504065045
final-disinformation-random43,242,0,0.0
final-disinformation-random43,243,2,0.008130081300813009
final-disinformation-random43,244,1,0.0040650406504065045
final-disinformation-random43,245,0,0.0
final-disinformation-random43,246,0,0.0
final-disinformation-random43,247,1,0.0040650406504065045
final-disinformation-random43,248,1,0.0040650406504065045
final-disinformation-random43,249,0,0.0
final-disinformation-random43,250,0,0.0
final-disinformation-random43,251,0,0.0
final-disinformation-random43,252,1,0.0040650406504065045
final-disinformation-random43,253,0,0.0
final-disinformation-random43,254,0,0.0
final-disinformation-random43,255,0,0.0
final-disinformation-random43,256,104,0.42276422764227645
